call_number,New,add,recordid,record,JSON,Linked Data,lib,lib,lib-ua-collection,lib-manuscript,oac-archives,oac-collections
AR,skip, ,,,,,,,,,,
AR-001,TEST,T,alma9980991648903126,record,JSON,LD,T,,ark:/13030/c83r0zn4/,,ark:/13030/c83r0zn4/,
AR-001;345,skip, ,,,,,,,,,ark:/13030/c83r0zn4/,
AR-003,todo,T,alma9981367447503126,record,JSON,LD,,,,,ark:/13030/c87w6kbf/,
AR-004,todo,T,alma990030262850403126,record,JSON,LD,,,,,ark:/13030/c84j0mkb/,
AR-005,todo,T,alma9981391060003126,record,JSON,LD,,,,,ark:/13030/c8w09d39/,
AR-007,todo,T,alma9981391059903126,record,JSON,LD,,,,,ark:/13030/c8rb7brf/,
AR-008,todo,T,alma990004779460403126,record,JSON,LD,,,,,ark:/13030/c80r9vwh/,
AR-010,TEST,T,alma990003327500403126,record,JSON,LD,T,,ark:/13030/c8gh9kgr/,,ark:/13030/c8gh9kgr/,
AR-012,TEST,T,alma990039187140403126,record,JSON,LD,T,,ark:/13030/c8154mgs/,,ark:/13030/c8154mgs/,
AR-013,todo,T,alma990032309100403126,record,JSON,LD,,,,,ark:/13030/kt5h4nf5dx/,
AR-014,TEST,T,9981189652003126,record,JSON,LD,T,,,,ark:/13030/c85h7npq/,
AR-015,todo,T,,,,,,,,,ark:/13030/c8cz3dwb/,
AR-016,todo,T,alma990007570550403126,record,JSON,LD,,,,,ark:/13030/c8w09cdx/,
AR-017,todo,T,alma9981367447303126,record,JSON,LD,,,,,ark:/13030/c8445tng/,
AR-019,TEST,T,alma9980952153203126,record,JSON,LD,T,,ark:/13030/c88k7fnd/,,ark:/13030/c88k7fnd/,
AR-020,todo,T,alma990005347680403126,record,JSON,LD,,,,,ark:/13030/c8q81kjc/,
AR-021,TEST,T,alma990007570560403126,record,JSON,LD,T,,,,ark:/13030/c81r6wxj/,
AR-022,todo,T,alma990036043850403126,record,JSON,LD,,,,,ark:/13030/c8jh3snt/,
AR-023,skip,,alma990007593410403126,record,JSON,LD,T,,,,ark:/13030/c8223145/,
AR-024;389,todo,T,,,,,,,,,ark:/13030/c8g1671t/,
AR-029,todo,T,alma990005550710403126,record,JSON,LD,,,,,ark:/13030/c8vt1zk4/,
AR-030,todo,T,alma9981391059803126,record,JSON,LD,,,,,ark:/13030/c8mk6m2k/,
AR-031,TEST,T,alma990029954930403126,record,JSON,LD,T,,ark:/13030/c8rj4mq7/,,ark:/13030/c8rj4mq7/,
AR-032,todo,T,alma990004779480403126,record,JSON,LD,,,,,ark:/13030/c8fn1cp0/,
AR-034,todo,T,alma990023130900403126,record,JSON,LD,,,,,ark:/13030/c89w0mz8/,
AR-035,todo,T,alma990004779490403126,record,JSON,LD,,,,,ark:/13030/c8639w68/,
AR-036,TEST,T,alma990026779290403126,record,JSON,LD,T,,,,ark:/13030/c8988dfw/,
AR-038,todo,T,9981383059803126,record,JSON,LD,,,,,ark:/13030/c8vq38tq/,
AR-039,todo,T,,,,,,,,,ark:/13030/c8qz2j4v/,
AR-041,TEST,T,alma990035832650403126,record,JSON,LD,T,,ark:/13030/c8cz37xq/,,ark:/13030/c8cz37xq/,
AR-042,TEST,T,alma990030545760403126,record,JSON,LD,T,,ark:/13030/c8pg1qpk/,,ark:/13030/c8pg1qpk/,
AR-044,todo,T,alma990022890240403126,record,JSON,LD,,,,,ark:/13030/c8dn4bjm/,
AR-045,todo,T,alma9981403858603126,record,JSON,LD,,,,,ark:/13030/c8154q7w/,
AR-046,todo,T,alma9980996155003126,record,JSON,LD,,,,,ark:/13030/c88k7fx0/,
AR-047,TEST,T,alma990005347690403126,record,JSON,LD,T,,,,ark:/13030/c8891c92/,
AR-048,TEST,T,alma990036725990403126,record,JSON,LD,T,,ark:/13030/c8ms3v83/,,ark:/13030/c8ms3v83/,
AR-049,TEST,T,alma990024667510403126,record,JSON,LD,T,,,,ark:/13030/c8pc37t9/,
AR-050,TEST,T,alma990007570570403126,record,JSON,LD,T,,,,ark:/13030/c81g0sp4/,
AR-051,TEST,T,alma990006714520403126,record,JSON,LD,T,,,,ark:/13030/c8fb57rn/,
AR-052,todo,T,9981383059903126,record,JSON,LD,,,,,ark:/13030/c8cr61kt/,
AR-053,todo,T,,,,,,,,,ark:/13030/c8m61sdf/,
AR-054,todo,T,alma9981382659203126,record,JSON,LD,,,,,ark:/13030/c8gf11nn/,
AR-055,todo,T,alma990031144560403126,record,JSON,LD,,,,,ark:/13030/c88w3ksf/,
AR-056,todo,T,alma990005502570403126,record,JSON,LD,,,,,ark:/13030/c8542v3w/,
AR-057,todo,T,alma990005502580403126,record,JSON,LD,,,,,ark:/13030/c81g0sqk/,
AR-058,todo,T,alma9981078857303126,record,JSON,LD,T,,ark:/13030/c8f76gzk/,,,
AR-059,TEST,T,alma990024739130403126,record,JSON,LD,T,,ark:/13030/c8x63sd0/,,ark:/13030/c8x63sd0/,
AR-064,todo,T,alma990007570580403126,record,JSON,LD,,,,,ark:/13030/c8hd825d/,
AR-065,todo,T,alma9981392444803126,record,JSON,LD,,,,,ark:/13030/c8bc45qd/,
AR-066,todo,T,alma9981403657703126,record,JSON,LD,,,,,ark:/13030/c8dj5nvq/,
AR-070,todo,T,alma990030543490403126,record,JSON,LD,,,,,ark:/13030/c8cn79cs/,
AR-071,TEST,T,alma990021252730403126,record,JSON,LD,T,,,,ark:/13030/c8gt5tm1/,
AR-072,TEST,T,alma9981072855903126,record,JSON,LD,T,,ark:/13030/c81c2369/,,ark:/13030/c81c2369/,
AR-073,todo,T,alma9981383649503126,record,JSON,LD,,,,,ark:/13030/c83t9qd6/,
AR-074,todo,T,alma990021252740403126,record,JSON,LD,,,,,ark:/13030/c87w6jph/,
AR-075,TEST,T,alma990023244420403126,record,JSON,LD,T,,,,ark:/13030/c8df6xks/,
AR-076,todo,T,alma9981403858503126,record,JSON,LD,,,,,ark:/13030/c8wd46s1/,
AR-077,todo,T,90021252760403126,record,JSON,LD,,,,,ark:/13030/c8j108bm/,
AR-078,TEST,T,,,,,T,,ark:/13030/c8s183h0/,,ark:/13030/c8s183h0/,
AR-079,TEST,T,990021252750403126,record,JSON,LD,T,,ark:/13030/c8h41sxj/,,ark:/13030/c8h41sxj/,
AR-080,TEST,T,,,,,T,,ark:/13030/c8xd13b4/,,ark:/13030/c8xd13b4/,
AR-081,todo,T,alma990022108200403126,record,JSON,LD,,,,,ark:/13030/c8474hbc/,
AR-082,TEST,T,alma990022108180403126,record,JSON,LD,T,,ark:/13030/c8gt5pmc/,,ark:/13030/c8gt5pmc/,
AR-083,TEST,T,alma990022104190403126,record,JSON,LD,T,,ark:/13030/c8jw8gdn/,,ark:/13030/c8jw8gdn/,
AR-086,todo,T,alma990021807790403126,record,JSON,LD,,,,,ark:/13030/c8sq95vk/,
AR-087,todo,T,alma990021807820403126,record,JSON,LD,,,,,ark:/13030/c8nz8f3t/,
AR-089,todo,T,alma990021807830403126,record,JSON,LD,,,,,ark:/13030/c8j67pdv/,
AR-090,todo,T,alma990021807850403126,record,JSON,LD,,,,,ark:/13030/c8qn6d8d/,
AR-091,skip,,alma990021807860403126,record,JSON,LD,,,,,ark:/13030/c8bc451f/,
AR-092,todo,T,,,,,,,,,ark:/13030/c86q23q1/,
AR-093,todo,T,alma9981135860003126,record,JSON,LD,,,,,ark:/13030/c89029xw/,
AR-094,TEST,T,9981135860003126,record,JSON,LD,T,,,,ark:/13030/c8n87h6q/,
AR-095,skip,,,,,,T,,ark:/13030/c8tt4x72/,,ark:/13030/c8tt4x72/,
AR-096,todo,T,,,,,,,,,ark:/13030/c8086bd2/,
AR-097,todo,T,alma9981392647503126,record,JSON,LD,,,,,ark:/13030/c84m9brc/,
AR-098,todo,T,alma990021807890403126,record,JSON,LD,,,,,ark:/13030/c8z60vjs/,
AR-099,TEST,T,alma990029578430403126,record,JSON,LD,T,,,,ark:/13030/c89s1xg2/,
AR-100,skip,,alma990022042590403126,record,JSON,LD,,,,,ark:/13030/c8057nfk/,
AR-101,skip,,alma990022043160403126,record,JSON,LD,,,,,ark:/13030/c8qr53n8/,
AR-102,todo,T,alma9981383649403126,record,JSON,LD,,,,,ark:/13030/c8057p22/,
AR-103,todo,T,alma9981392647403126,record,JSON,LD,,,,,ark:/13030/c80v8kzr/,
AR-104,todo,T,alma9981401560503126,record,JSON,LD,,,,,ark:/13030/c8862pnm/,
AR-105,todo,T,alma9981401560403126,record,JSON,LD,,,,,ark:/13030/c84j0n8q/,
AR-106,todo,T,alma990022043710403126,record,JSON,LD,,,,,ark:/13030/c8m04bz9/,
AR-107,todo,T,alma990022044340403126,record,JSON,LD,,,,,ark:/13030/c84173wn/,
AR-108,todo,T,9981189555603126,record,JSON,LD,T,,,,,
AR-109,todo,T,,,,,,,,,ark:/13030/c8nc66x2/,
AR-110,TEST,T,alma9981051937803126,record,JSON,LD,T,,ark:/13030/c8js9wh9/,,ark:/13030/c8js9wh9/,
AR-111,TEST,T,alma990035575700403126,record,JSON,LD,T,,ark:/13030/c8b27vvh/,,ark:/13030/c8b27vvh/,
AR-112,todo,T,90026912640403126,record,JSON,LD,,,,,ark:/13030/c86q23rg/,
AR-113,TEST,T,,,,,T,,,,ark:/13030/c89p3741/,
AR-115,todo,T,alma990022044690403126,record,JSON,LD,,,,,ark:/13030/c8z89jx3/,
AR-117,todo,T,alma9981383856903126,record,JSON,LD,,,,,ark:/13030/c8wh2x4g/,
AR-118,todo,T,alma9981107751603126,record,JSON,LD,,,,,ark:/13030/c8qv3tcn/,
AR-119,todo,T,alma9981383856703126,record,JSON,LD,,,,,ark:/13030/c8rr25cp/,
AR-120,TEST,T,alma990023260730403126,record,JSON,LD,T,,,,ark:/13030/c89g5t8j/,
AR-121,TEST,T,alma990023260740403126,record,JSON,LD,T,,,,ark:/13030/c8f47vm0/,
AR-122,TEST,T,alma990024078610403126,record,JSON,LD,,,,,ark:/13030/c8z89dzw/,
AR-123,TEST,T,alma990029578240403126,record,JSON,LD,T,,,,ark:/13030/c84m9b1z/,
AR-124,TEST,T,alma9981070950903126,record,JSON,LD,T,,ark:/13030/c8gx4hs6/,,ark:/13030/c8gx4hs6/,
AR-125,todo,T,990025080700403126,record,JSON,LD,,,,,ark:/13030/c85m6c77/,
AR-127,TEST,T,90027789240403126,record,JSON,LD,T,,ark:/13030/c8988cgx/,,ark:/13030/c8988cgx/,
AR-128,todo,T,,,,,,,,,ark:/13030/c8x353zm/,
AR-129,TEST,T,alma990027872930403126,record,JSON,LD,T,,ark:/13030/c80g3mv4/,,ark:/13030/c80g3mv4/,
AR-130,todo,T,alma990029729390403126,record,JSON,LD,,,,,ark:/13030/c8mp58sh/,
AR-131,TEST,T,alma990030000750403126,record,JSON,LD,T,,,,ark:/13030/c8d2243p/,
AR-132,TEST,T,990029853670403126,record,JSON,LD,T,,ark:/13030/c8668fwh/,,ark:/13030/c8668fwh/,
AR-133,TEST,T,,,,,T,,ark:/13030/c8tx3gvd/,,ark:/13030/c8tx3gvd/,
AR-134,todo,T,alma9981403858703126,record,JSON,LD,,,,,ark:/13030/c8rr25fk/,
AR-137,TEST,T,alma990030438180403126,record,JSON,LD,T,,,,ark:/13030/c80007jk/,
AR-138,todo,T,alma9981189836303126,record,JSON,LD,,,,,ark:/13030/c87w6jz3/,
AR-139,todo,T,alma9981401454303126,record,JSON,LD,,,,,ark:/13030/c8pv6sj9/,
AR-140,TEST,T,alma990039359680403126,record,JSON,LD,T,,,,ark:/13030/c8s46xf9/,
AR-141,TEST,T,alma990039727710403126,record,JSON,LD,T,,ark:/13030/c8k64pk8/,,ark:/13030/c8k64pk8/,
AR-142,TEST,T,alma990031089130403126,record,JSON,LD,T,,,,ark:/13030/c8gx4j26/,
AR-143,TEST,T,alma990035913140403126,record,JSON,LD,T,,ark:/13030/c86h4p61/,,ark:/13030/c86h4p61/,
AR-144,TEST,T,alma990031089100403126,record,JSON,LD,T,,,,ark:/13030/c8c53sbs/,
AR-148,todo,T,alma990038796080403126,record,JSON,LD,,,,,ark:/13030/c8wq099k/,
AR-149,TEST,T,alma990032112900403126,record,JSON,LD,T,,ark:/13030/c8gt5sw6/,,ark:/13030/c8gt5sw6/,
AR-150,TEST,T,990005347740403126,record,JSON,LD,T,,,,ark:/13030/c8g1662v/,
AR-151,TEST,T,,,,,T,,ark:/13030/c8sf31vw/,,ark:/13030/c8sf31vw/,
AR-152,TEST,T,alma990021807900403126,record,JSON,LD,T,,,,ark:/13030/c8db8786/,
AR-153,todo,T,alma9981401454103126,record,JSON,LD,,,,,ark:/13030/c8k361vq/,
AR-154,todo,T,alma990007570440403126,record,JSON,LD,,,,,ark:/13030/c83n28wq/,
AR-156,skip,,alma9981401660003126,record,JSON,LD,,,,,ark:/13030/c8fb594d/,
AR-157;384,todo,T,,,,,,,,,ark:/13030/c8v410x4/,
AR-159,todo,T,alma990022154290403126,record,JSON,LD,,,,,ark:/13030/c8zw1sfw/,
AR-161,todo,T,alma990005347750403126,record,JSON,LD,,,,,ark:/13030/c8ft8sjj/,
AR-162,TEST,T,alma990004807680403126,record,JSON,LD,T,,ark:/13030/c8r49shc/,,ark:/13030/c8r49shc/,
AR-163,TEST,T,alma990005347760403126,record,JSON,LD,T,,ark:/13030/c84b32tx/,,ark:/13030/c84b32tx/,
AR-164,todo,T,alma990022108170403126,record,JSON,LD,,,,,ark:/13030/c8sn0ghq/,
AR-166,todo,T,alma9981401659903126,record,JSON,LD,,,,,ark:/13030/c89k4jdp/,
AR-167,todo,T,90036726040403126,record,JSON,LD,,,,,ark:/13030/c8br8zxx/,
AR-169,TEST,T,,,,,T,,ark:/13030/c8cc126m/,,ark:/13030/c8cc126m/,
AR-170,todo,T,alma9981383649203126,record,JSON,LD,,,,,ark:/13030/c8vd75m6/,
AR-171,todo,T,alma990022620540403126,record,JSON,LD,,,,,ark:/13030/c822319d/,
AR-172,todo,T,alma9981403657603126,record,JSON,LD,,,,,ark:/13030/c88w3mh8/,
AR-175,TEST,T,alma990033269450403126,record,JSON,LD,T,,,,ark:/13030/c80v8k7b/,
AR-176,TEST,T,alma990032112880403126,record,JSON,LD,T,,,,ark:/13030/c8v411pd/,
AR-177,todo,T,alma9981115460303126,record,JSON,LD,,,,,ark:/13030/c8x353x5/,
AR-180,TEST,T,alma990035575690403126,record,JSON,LD,T,,ark:/13030/c8pc32w4/,,ark:/13030/c8pc32w4/,
AR-182,todo,T,alma9981403858803126,record,JSON,LD,,,,,ark:/13030/c8n01drm/,
AR-183,TEST,T,alma990039177390403126,record,JSON,LD,T,,,,ark:/13030/c8h41xqh/,
AR-184,TEST,T,alma990038796110403126,record,JSON,LD,T,,ark:/13030/c8959pn7/,,ark:/13030/c8959pn7/,
AR-185,TEST,T,alma990036665950403126,record,JSON,LD,T,,ark:/13030/c8542pz1/,,ark:/13030/c8542pz1/,
AR-186,TEST,T,alma990036798590403126,record,JSON,LD,T,,ark:/13030/c80k2b3m/,,ark:/13030/c80k2b3m/,
AR-187,TEST,T,alma990036798500403126,record,JSON,LD,T,,ark:/13030/c8vt1tmx/,,ark:/13030/c8vt1tmx/,
AR-188,TEST,T,alma990036798370403126,record,JSON,LD,T,,ark:/13030/c8r212ww/,,ark:/13030/c8r212ww/,
AR-189,TEST,T,,,,,T,,ark:/13030/c89c6zzh/,,ark:/13030/c89c6zzh/,
AR-190,TEST,T,alma990036845530403126,record,JSON,LD,T,,ark:/13030/c8vq34c7/,,ark:/13030/c8vq34c7/,
AR-191,TEST,T,alma990037436300403126,record,JSON,LD,T,,ark:/13030/c8571f8t/,,ark:/13030/c8571f8t/,
AR-192,TEST,T,alma9980952352503126,record,JSON,LD,T,,ark:/13030/c8d50sk3/,,ark:/13030/c8d50sk3/,
AR-193,TEST,T,alma9981055659403126,record,JSON,LD,T,,,,ark:/13030/c8cr60jz/,
AR-195,TEST,T,alma990039176540403126,record,JSON,LD,T,,ark:/13030/c8fb57kd/,,ark:/13030/c8fb57kd/,
AR-196,todo,T,alma9981107751703126,record,JSON,LD,,,,,ark:/13030/c8xw4r65/,
AR-197,TEST,T,alma990039645200403126,record,JSON,LD,T,,ark:/13030/c8mk6jbb/,,ark:/13030/c8mk6jbb/,
AR-198,todo,T,alma9981086049603126,record,JSON,LD,,,,,ark:/13030/c8ww7q2s/,
AR-199,TEST,T,alma9981057530203126,record,JSON,LD,T,,ark:/13030/c8pk0n9g/,,ark:/13030/c8pk0n9g/,
AR-200,todo,T,alma9981189729803126,record,JSON,LD,,,,,ark:/13030/c8154pt3/,
AR-201,todo,T,alma990022110220403126,record,JSON,LD,,,,,ark:/13030/c8pv6rwc/,
AR-202,todo,T,alma9981383649103126,record,JSON,LD,,,,,ark:/13030/c8qn6dzc/,
AR-203,skip,,alma990036798610403126,record,JSON,LD,T,,ark:/13030/c8m90b5k/,,ark:/13030/c8m90b5k/,
AR-204,todo,T,alma9981403658303126,record,JSON,LD,,,,,ark:/13030/c8474j26/,
AR-207,TEST,T,alma990036726050403126,record,JSON,LD,T,,ark:/13030/c8f47qns/,,ark:/13030/c8f47qns/,
AR-208,TEST,T,alma9980989149503126,record,JSON,LD,T,,ark:/13030/c8sb4bjx/,,ark:/13030/c8sb4bjx/,
AR-209,todo,T,990021614210403126,record,JSON,LD,,,,,ark:/13030/c8j39038/,
AR-210,todo,T,,,,,,,,,ark:/13030/c8gt5vbv/,
AR-211,todo,T,alma9981391059703126,record,JSON,LD,,,,,ark:/13030/c8c253kc/,
AR-212,todo,T,alma990022690790403126,record,JSON,LD,,,,,ark:/13030/c8cc167q/,
AR-213,skip,,alma9981189549503126,record,JSON,LD,,,,,ark:/13030/c8rv0vgk/,
AR-214;411,todo,T,,,,,,,,,ark:/13030/c8v98g7b/,
AR-215,todo,T,alma9981403658203126,record,JSON,LD,,,,,ark:/13030/c80g3scx/,
AR-216,todo,T,alma9981403658103126,record,JSON,LD,,,,,ark:/13030/c8vt209b/,
AR-218,todo,T,alma990029730180403126,record,JSON,LD,,,,,ark:/13030/c87p94w9/,
AR-219,skip,,alma990030156930403126,record,JSON,LD,,,,,ark:/13030/c83x8d50/,
AR-220,todo,T,alma990004645640403126,record,JSON,LD,,,,,ark:/13030/c8057ng1/,
AR-221,TEST,T,alma9980991648803126,record,JSON,LD,T,,ark:/13030/c8891bpk/,,ark:/13030/c8891bpk/,
AR-222,TEST,T,alma9981064552703126,record,JSON,LD,T,,ark:/13030/c8pn9bv1/,,ark:/13030/c8pn9bv1/,
AR-223,TEST,T,alma9981055458203126,record,JSON,LD,T,,,,ark:/13030/c8k93dqd/,
AR-224,todo,T,alma9981090541703126,record,JSON,LD,,,,,ark:/13030/c8w95gmf/,
AR-225,todo,T,alma9981090444603126,record,JSON,LD,,,,,ark:/13030/c83t9pmg/,
AR-226,todo,T,9981193254003126,record,JSON,LD,,,,,ark:/13030/c85144mn/,
AR-227,skip,,,,,,,,,,ark:/13030/c8sq9651/,
AR-229,todo,T,,,,,,,,,ark:/13030/c8dr32mv/,
D-001,TEST,T,alma990003195950403126,record,JSON,LD,,T,,ark:/13030/c8rf5wrb/,,ark:/13030/c8rf5wrb/
D-002,TEST,T,alma990003165330403126,record,JSON,LD,,T,,ark:/13030/kt209nf2v0/,,ark:/13030/kt209nf2v0/
D-003,TEST,T,alma990023245880403126,record,JSON,LD,,T,,ark:/13030/c8h133rr/,,ark:/13030/c8h133rr/
D-004,TEST,T,alma990003317120403126,record,JSON,LD,,T,,ark:/13030/c82r3tcq/,,ark:/13030/c82r3tcq/
D-005,TEST,T,alma990003317100403126,record,JSON,LD,,T,,ark:/13030/c8z039wq/,,ark:/13030/c8z039wq/
D-006,skip,,alma990006725410403126,record,JSON,LD,,T,,ark:/13030/c8tb18m5/,,ark:/13030/c8tb18m5/
D-006;427,todo,T,,,,,,,,,,ark:/13030/c8tb18m5/
D-008,TEST,T,alma990005412250403126,record,JSON,LD,,T,,ark:/13030/c8pk0hwf/,,ark:/13030/c8pk0hwf/
D-009,todo,T,,,,,,T,,,,
D-010,TEST,T,90023245910403126,record,JSON,LD,,T,,ark:/13030/c8ht2r26/,,ark:/13030/c8ht2r26/
D-011,TEST,T,,,,,,T,,ark:/13030/c83n254m/,,ark:/13030/c83n254m/
D-012,TEST,T,alma990024192620403126,record,JSON,LD,,T,,ark:/13030/kt1f59r6dr/,,ark:/13030/kt1f59r6dr/
D-013,TEST,T,alma990002366780403126,record,JSON,LD,,T,,ark:/13030/c8mg7r7t/,,ark:/13030/c8mg7r7t/
D-014,TEST,T,alma990030016590403126,record,JSON,LD,,T,,ark:/13030/c8zp47vq/,,ark:/13030/c8zp47vq/
D-015,TEST,T,alma990022620710403126,record,JSON,LD,,T,,ark:/13030/kt1x0nc2p3,,ark:/13030/kt1x0nc2p3/
D-016,TEST,T,alma990003008560403126,record,JSON,LD,,T,,ark:/13030/c80g3kst/,,ark:/13030/c80g3kst/
D-017,TEST,T,alma990031302090403126,record,JSON,LD,,T,,ark:/13030/c8tx3h4d/,,ark:/13030/c8tx3h4d/
D-018,TEST,T,alma990002964510403126,record,JSON,LD,,T,,ark:/13030/c80p11r2/,,ark:/13030/c80p11r2/
D-019,skip,,alma990002366790403126,record,JSON,LD,,T,,ark:/13030/c8q81fsv/,,ark:/13030/c8q81fsv/
D-019;182,todo,T,,,,,,,,,,ark:/13030/c8q81fsv/
D-020,TEST,T,alma990002366840403126,record,JSON,LD,,T,,ark:/13030/c8kh0q2j/,,ark:/13030/c8kh0q2j/
D-021,TEST,T,alma990024181150403126,record,JSON,LD,,T,,ark:/13030/c8r78hg8/,,ark:/13030/c8r78hg8/
D-022,TEST,T,alma990003234270403126,record,JSON,LD,,T,,ark:/13030/kt1c6002bw,,ark:/13030/kt1c6002bw/
D-023,TEST,T,alma990029963920403126,record,JSON,LD,,T,,ark:/13030/kt6v19r84r,,ark:/13030/kt6v19r84r/
D-024,TEST,T,alma990005412160403126,record,JSON,LD,,T,,ark:/13030/c8xw4mj0/,,ark:/13030/c8xw4mj0/
D-025,skip,,alma990006725440403126,record,JSON,LD,,T,,ark:/13030/c8t43vtk/,,ark:/13030/c8t43vtk/
D-025;438,todo,T,,,,,,,,,,ark:/13030/c8t43vtk/
D-026,TEST,T,990024188630403126,record,JSON,LD,,T,,ark:/13030/c8pc343n/,,ark:/13030/c8pc343n/
D-027,TEST,T,,,,,,T,,ark:/13030/c8jm2ccx/,,ark:/13030/c8jm2ccx/
D-028,TEST,T,alma990016918000403126,record,JSON,LD,,T,,ark:/13030/c8dz0b1g/,,ark:/13030/c8dz0b1g/
D-029,TEST,T,alma990016917980403126,record,JSON,LD,,T,,ark:/13030/c8571drp/,,ark:/13030/c8571drp/
D-030,TEST,T,alma990023245930403126,record,JSON,LD,,T,,ark:/13030/c81j9ch1/,,ark:/13030/c81j9ch1/
D-031,TEST,T,990027624440403126,record,JSON,LD,,T,,ark:/13030/c8s18488/,,ark:/13030/c8s18488/
D-032,TEST,T,,,,,,T,,ark:/13030/c879432f/,,ark:/13030/c879432f/
D-033,TEST,T,alma990002964560403126,record,JSON,LD,,T,,ark:/13030/kt309nf4mn/,,ark:/13030/kt309nf4mn/
D-034,TEST,T,alma990022045130403126,record,JSON,LD,,T,,ark:/13030/c8n87cjj/,,ark:/13030/c8n87cjj/
D-035,TEST,T,alma990022713580403126,record,JSON,LD,,T,,ark:/13030/kt3h4nc658,,ark:/13030/kt3h4nc658/
D-036,TEST,T,alma990002366800403126,record,JSON,LD,,T,,ark:/13030/c88054cg/,,ark:/13030/c88054cg/
D-037,TEST,T,alma990022889120403126,record,JSON,LD,,T,,ark:/13030/kt7z09r3rm,,ark:/13030/kt7z09r3rm/
D-038,TEST,T,alma990036987820403126,record,JSON,LD,,T,,ark:/13030/c80k2b99/,,ark:/13030/c80k2b99/
D-039,TEST,T,alma990023260790403126,record,JSON,LD,,T,,ark:/13030/c8vt1tv2/,,ark:/13030/c8vt1tv2/
D-040,TEST,T,alma990036992830403126,record,JSON,LD,,T,,ark:/13030/c8r2134f/,,ark:/13030/c8r2134f/
D-041,TEST,T,alma990002964570403126,record,JSON,LD,,T,,,,ark:/13030/c8m90bdq/
D-042,TEST,T,alma990036992880403126,record,JSON,LD,,T,,ark:/13030/c8pz5bjk/,,ark:/13030/c8pz5bjk/
D-043,TEST,T,alma990016917990403126,record,JSON,LD,,T,,ark:/13030/kt1q2nd61b,,ark:/13030/kt1q2nd61b/
D-044,TEST,T,990023285560403126,record,JSON,LD,,T,,ark:/13030/kt4870205h,,ark:/13030/kt4870205h/
D-045,TEST,T,,,,,,T,,ark:/13030/kt1870356z/,,ark:/13030/kt1870356z/
D-046,TEST,T,alma990005114840403126,record,JSON,LD,,T,,ark:/13030/c8k64kt5/,,ark:/13030/c8k64kt5/
D-047,TEST,T,alma990031355460403126,record,JSON,LD,,T,,ark:/13030/c8ff3v3v/,,ark:/13030/c8ff3v3v/
D-048,TEST,T,alma990005412170403126,record,JSON,LD,,T,,ark:/13030/c89p33ch/,,ark:/13030/c89p33ch/
D-049,skip,,alma990024192590403126,record,JSON,LD,,T,,ark:/13030/c85x2bns/,,ark:/13030/c85x2bns/
D-049;186,todo,T,,,,,,,,,,ark:/13030/c85x2bns/
D-050,TEST,T,alma990002366820403126,record,JSON,LD,,T,,ark:/13030/tf1489n5dm,,ark:/13030/tf1489n5dm/
D-051,TEST,T,alma990022731630403126,record,JSON,LD,,T,,ark:/13030/tf6w100646/,,ark:/13030/tf6w100646/
D-052,TEST,T,alma990017350560403126,record,JSON,LD,,T,,ark:/13030/c80c4z1v/,,ark:/13030/c80c4z1v/
D-053,TEST,T,alma990022620220403126,record,JSON,LD,,T,,ark:/13030/kt10002563,,ark:/13030/kt10002563/
D-054,todo,T,alma9981114059303126,record,JSON,LD,,,,,,ark:/13030/c83x8d2n/
D-055,TEST,T,alma990022681020403126,record,JSON,LD,,T,,ark:/13030/tf8t1nb3vw,,ark:/13030/tf8t1nb3vw/
D-056,TEST,T,alma990024182960403126,record,JSON,LD,,T,,ark:/13030/kt8t1nd615,,ark:/13030/kt8t1nd615/
D-057,TEST,T,alma990030016440403126,record,JSON,LD,,T,,ark:/13030/c8668g8v/,,ark:/13030/c8668g8v/
D-058,TEST,T,alma990031302340403126,record,JSON,LD,,T,,ark:/13030/c8c82c1f/,,ark:/13030/c8c82c1f/
D-059,TEST,T,alma990002964610403126,record,JSON,LD,,T,,ark:/13030/c87h1m9q/,,ark:/13030/c87h1m9q/
D-060,TEST,T,alma990006810730403126,record,JSON,LD,,T,,ark:/13030/c8xd13fg/,,ark:/13030/c8xd13fg/
D-061,TEST,T,alma990005114860403126,record,JSON,LD,,T,,ark:/13030/tf9290075w,,ark:/13030/tf9290075w/
D-062,TEST,T,alma990003195620403126,record,JSON,LD,,T,,ark:/13030/kt7h4nf5x9/,,ark:/13030/kt7h4nf5x9/
D-063,TEST,T,alma990002519230403126,record,JSON,LD,,T,,ark:/13030/kt029034p3/,,ark:/13030/kt029034p3/
D-064,TEST,T,alma990023213880403126,record,JSON,LD,,T,,ark:/13030/kt987023hp,,ark:/13030/kt987023hp/
D-065,TEST,T,alma990022682030403126,record,JSON,LD,,T,,ark:/13030/tf1p3002f2,,ark:/13030/tf1p3002f2/
D-066,TEST,T,alma990002366770403126,record,JSON,LD,,T,,ark:/13030/kt5w1036c6/,,ark:/13030/kt5w1036c6/
D-067,TEST,T,alma990030016450403126,record,JSON,LD,,T,,ark:/13030/c83r0vk0/,,ark:/13030/c83r0vk0/
D-068,TEST,T,alma990031302390403126,record,JSON,LD,,T,,ark:/13030/c89z96zd/,,ark:/13030/c89z96zd/
D-069,TEST,T,alma990023242170403126,record,JSON,LD,,T,,ark:/13030/c86h4k3f/,,ark:/13030/c86h4k3f/
D-070,TEST,T,alma990022665700403126,record,JSON,LD,,T,,ark:/13030/tf3g50053n,,ark:/13030/tf3g50053n/
D-071,skip,,alma990031302430403126,record,JSON,LD,,T,,ark:/13030/c8mg7rs0/,,ark:/13030/c8mg7rs0/
D-071;208,todo,T,990005502590403126,record,JSON,LD,,,,,,ark:/13030/c8mg7rs0/
D-072,TEST,T,,,,,,T,,ark:/13030/c8xp770b/,,ark:/13030/c8xp770b/
D-073,TEST,T,alma990003234300403126,record,JSON,LD,,T,,ark:/13030/c8542pxk/,,ark:/13030/c8542pxk/
D-074,TEST,T,alma990003327510403126,record,JSON,LD,,T,,ark:/13030/c8f191fj/,,ark:/13030/c8f191fj/
D-075,TEST,T,alma990023242130403126,record,JSON,LD,,T,,ark:/13030/kt6h4nf35n/,,ark:/13030/kt6h4nf35n/
D-076,TEST,T,alma990003327480403126,record,JSON,LD,,T,,ark:/13030/c89025vb/,,ark:/13030/c89025vb/
D-077,TEST,T,990006810740403126,record,JSON,LD,,T,,ark:/13030/c89888qt/,,ark:/13030/c89888qt/
D-078,TEST,T,,,,,,T,,ark:/13030/kt9000423g/,,ark:/13030/kt9000423g/
D-079,TEST,T,alma990023242100403126,record,JSON,LD,,T,,ark:/13030/kt8580383c/,,ark:/13030/kt8580383c/
D-080,TEST,T,alma990023244410403126,record,JSON,LD,,T,,ark:/13030/kt7f59r97g,,ark:/13030/kt7f59r97g/
D-081,TEST,T,alma990022574540403126,record,JSON,LD,,T,,ark:/13030/kt8v19q5vb,,ark:/13030/kt8v19q5vb/
D-082,TEST,T,alma990002953640403126,record,JSON,LD,,T,,ark:/13030/kt9779s0k2,,ark:/13030/kt9779s0k2/
D-083,TEST,T,alma990027725350403126,record,JSON,LD,,T,,ark:/13030/kt1s2023w5,,ark:/13030/kt1s2023w5/
D-084,skip,,alma990036962300403126,record,JSON,LD,,T,,ark:/13030/c85h7j0h/,,ark:/13030/c85h7j0h/
D-084;215,todo,T,,,,,,,,,,ark:/13030/c85h7j0h/
D-085,TEST,T,alma990030016460403126,record,JSON,LD,,T,,ark:/13030/c81g0p9z/,,ark:/13030/c81g0p9z/
D-086,TEST,T,alma990022717080403126,record,JSON,LD,,T,,ark:/13030/kt2n39q2qn,,ark:/13030/kt2n39q2qn/
D-087,TEST,T,alma990002366810403126,record,JSON,LD,,T,,,,ark:/13030/c8sj1s02/
D-088,todo,T,alma990004126190403126,record,JSON,LD,,T,,,,
D-089,TEST,T,alma990024188610403126,record,JSON,LD,,T,,ark:/13030/kt1q2nd6fj,,ark:/13030/kt1q2nd6fj/
D-090,TEST,T,alma990006971480403126,record,JSON,LD,,T,,ark:/13030/c8x3506h/,,ark:/13030/c8x3506h/
D-091,TEST,T,alma990003491570403126,record,JSON,LD,,T,,ark:/13030/c8gq711m/,,ark:/13030/c8gq711m/
D-092,TEST,T,990024181270403126,record,JSON,LD,,T,,,,ark:/13030/c8k35ww4/
D-093,TEST,T,,,,,,T,,ark:/13030/c80g3n61/,,ark:/13030/c80g3n61/
D-094,TEST,T,alma990003008550403126,record,JSON,LD,,T,,ark:/13030/c80v8fh8/,,ark:/13030/c80v8fh8/
D-095,TEST,T,alma990003008580403126,record,JSON,LD,,T,,ark:/13030/c8pn97jr/,,ark:/13030/c8pn97jr/
D-096,TEST,T,alma990006837910403126,record,JSON,LD,,T,,ark:/13030/c8x0698g/,,ark:/13030/c8x0698g/
D-097,TEST,T,alma990005502600403126,record,JSON,LD,,T,,ark:/13030/kt929022s1,,ark:/13030/kt929022s1/
D-098,TEST,T,alma990003327380403126,record,JSON,LD,,T,,ark:/13030/kt009nd61f,,ark:/13030/kt009nd61f/
D-099,TEST,T,990024182910403126,record,JSON,LD,,T,,ark:/13030/kt9v19s1t3/,,ark:/13030/kt9v19s1t3/
D-100,TEST,T,,,,,,T,,ark:/13030/c87d2wvj/,,ark:/13030/c87d2wvj/
D-101,TEST,T,alma990024180670403126,record,JSON,LD,,T,,ark:/13030/c8pr7xqj/,,ark:/13030/c8pr7xqj/
D-102,TEST,T,alma990022787220403126,record,JSON,LD,,T,,ark:/13030/kt5z09q2p1,,ark:/13030/kt5z09q2p1/
D-103,TEST,T,alma990024652800403126,record,JSON,LD,,T,,ark:/13030/kt0h4nc67c,,ark:/13030/kt0h4nc67c/
D-104,TEST,T,990024181210403126,record,JSON,LD,,T,,ark:/13030/kt2s2025qv,,ark:/13030/kt2s2025qv/
D-105,TEST,T,,,,,,T,,ark:/13030/kt3q2nc61h,,ark:/13030/kt3q2nc61h/
D-106,TEST,T,alma990003234310403126,record,JSON,LD,,T,,ark:/13030/c89k4d0n/,,ark:/13030/c89k4d0n/
D-107,TEST,T,alma990002519250403126,record,JSON,LD,,T,,ark:/13030/c85t3n8x/,,ark:/13030/c85t3n8x/
D-108,TEST,T,alma990002964620403126,record,JSON,LD,,T,,ark:/13030/kt996nf38t/,,ark:/13030/kt996nf38t/
D-109,skip,,alma990003165310403126,record,JSON,LD,,T,,,,ark:/13030/c8rx9hwx/
D-109;230,todo,T,,,,,,,,,,ark:/13030/c8rx9hwx/
D-110,TEST,T,990024183080403126,record,JSON,LD,,T,,ark:/13030/kt2c6018bj,,ark:/13030/kt2c6018bj/
D-111,TEST,T,990005412260403126,record,JSON,LD,,T,,ark:/13030/kt529026sq,,ark:/13030/kt529026sq/
D-112,TEST,T,,,,,,T,,ark:/13030/c8222wjh/,,ark:/13030/c8222wjh/
D-113,TEST,T,alma990003491540403126,record,JSON,LD,,T,,ark:/13030/kt738nc7g1,,ark:/13030/kt738nc7g1/
D-114,TEST,T,alma990024059470403126,record,JSON,LD,,T,,ark:/13030/c8x92d2m/,,ark:/13030/c8x92d2m/
D-115,TEST,T,alma990023244510403126,record,JSON,LD,,T,,ark:/13030/c8sj1ncb/,,ark:/13030/c8sj1ncb/
D-116,TEST,T,990006725450403126,record,JSON,LD,,T,,ark:/13030/c8ns0wnm/,,ark:/13030/c8ns0wnm/
D-117,TEST,T,,,,,,T,,ark:/13030/c87h1mhd/,,ark:/13030/c87h1mhd/
D-118,TEST,T,alma990024376030403126,record,JSON,LD,,T,,ark:/13030/kt0199q18w,,ark:/13030/kt0199q18w/
D-119,TEST,T,alma990003165300403126,record,JSON,LD,,T,,ark:/13030/c83r0vsp/,,ark:/13030/c83r0vsp/
D-120,TEST,T,alma990030016480403126,record,JSON,LD,,T,,ark:/13030/c8000405/,,ark:/13030/c8000405/
D-121,TEST,T,alma990006725460403126,record,JSON,LD,,T,,ark:/13030/c8tx3h86/,,ark:/13030/c8tx3h86/
D-123,TEST,T,alma990027872950403126,record,JSON,LD,,T,,ark:/13030/c8kw5hzd/,,ark:/13030/c8kw5hzd/
D-124,TEST,T,alma990005502610403126,record,JSON,LD,,T,,ark:/13030/c8m90bkz/,,ark:/13030/c8m90bkz/
D-125,TEST,T,alma990037015260403126,record,JSON,LD,,T,,ark:/13030/c8g44s6z/,,ark:/13030/c8g44s6z/
D-126,todo,T,alma9981114059203126,record,JSON,LD,,,,,,ark:/13030/c86q23pk/
D-127,TEST,T,alma990030016600403126,record,JSON,LD,,T,,,,ark:/13030/c8np2b7b/
D-128,TEST,T,alma990017350540403126,record,JSON,LD,,T,,ark:/13030/c8gh9kvp/,,ark:/13030/c8gh9kvp/
D-129,TEST,T,alma990037015330403126,record,JSON,LD,,T,,ark:/13030/c8bc41gm/,,ark:/13030/c8bc41gm/
D-130,TEST,T,alma990005502620403126,record,JSON,LD,,T,,ark:/13030/c8br8v2g/,,ark:/13030/c8br8v2g/
D-131,TEST,T,alma990003327520403126,record,JSON,LD,,T,,ark:/13030/kt800033r1/,,ark:/13030/kt800033r1/
D-132,TEST,T,alma990003317110403126,record,JSON,LD,,T,,,,ark:/13030/c8w66sjm/
D-133,TEST,T,alma990003317080403126,record,JSON,LD,,T,,,,ark:/13030/c8mg7wsn/
D-134,TEST,T,alma990003317040403126,record,JSON,LD,,T,,ark:/13030/kt8b69q7qz,,ark:/13030/kt8b69q7qz/
D-135,TEST,T,alma990016917960403126,record,JSON,LD,,T,,ark:/13030/c82z17gb/,,ark:/13030/c82z17gb/
D-136,TEST,T,alma990022728990403126,record,JSON,LD,,T,,ark:/13030/kt3v19q2rs,,ark:/13030/kt3v19q2rs/
D-137,TEST,T,alma990031302680403126,record,JSON,LD,,T,,ark:/13030/c8708390/,,ark:/13030/c8708390/
D-138,TEST,T,alma9981078857703126,record,JSON,LD,,T,,,,ark:/13030/c83t9k8r/
D-139,TEST,T,alma990002953620403126,record,JSON,LD,,T,,ark:/13030/kt3h4nc836,,ark:/13030/kt3h4nc836/
D-140,TEST,T,alma990022921960403126,record,JSON,LD,,T,,ark:/13030/kt7r29s0b3/,,ark:/13030/kt7r29s0b3/
D-141,TEST,T,alma990002519240403126,record,JSON,LD,,T,,ark:/13030/c86w9db6/,,ark:/13030/c86w9db6/
D-142,TEST,T,alma990016993520403126,record,JSON,LD,,T,,ark:/13030/c8348npp/,,ark:/13030/c8348npp/
D-143,TEST,T,alma990004779500403126,record,JSON,LD,,T,,ark:/13030/kt6f59r8wh,,ark:/13030/kt6f59r8wh/
D-144,TEST,T,alma990037016840403126,record,JSON,LD,,T,,ark:/13030/c86h4kbk/,,ark:/13030/c86h4kbk/
D-145,TEST,T,alma990006725430403126,record,JSON,LD,,T,,ark:/13030/kt0f59p9nm,,ark:/13030/kt0f59p9nm/
D-146,TEST,T,alma990037062550403126,record,JSON,LD,,T,,ark:/13030/kt2r29q8x9,,ark:/13030/kt2r29q8x9/
D-147,TEST,T,alma9981195254903126,record,JSON,LD,,T,,,,ark:/13030/c8ms40jq/
D-148,TEST,T,alma990007570460403126,record,JSON,LD,,T,,ark:/13030/c82r3tkd/,,ark:/13030/c82r3tkd/
D-149,TEST,T,alma990003491600403126,record,JSON,LD,,T,,ark:/13030/c8377bmq/,,ark:/13030/c8377bmq/
D-150,TEST,T,990005412180403126,record,JSON,LD,,T,,,,ark:/13030/c8c82h30/
D-151,TEST,T,,,,,,T,,ark:/13030/c8xd13z6/,,ark:/13030/c8xd13z6/
D-152,TEST,T,alma990030016510403126,record,JSON,LD,,T,,ark:/13030/c8nv9mhm/,,ark:/13030/c8nv9mhm/
D-153,TEST,T,alma990022880910403126,record,JSON,LD,,T,,ark:/13030/c8j38vv3/,,ark:/13030/c8j38vv3/
D-154,TEST,T,alma990005502640403126,record,JSON,LD,,T,,ark:/13030/kt2489r3h6/,,ark:/13030/kt2489r3h6/
D-155,TEST,T,alma990005412190403126,record,JSON,LD,,T,,ark:/13030/c8db845m/,,ark:/13030/c8db845m/
D-156,TEST,T,990030043800403126,record,JSON,LD,,T,,ark:/13030/kt6m3nf56s,,ark:/13030/kt6m3nf56s/
D-157,TEST,T,,,,,,T,,ark:/13030/kt500036jf,,ark:/13030/kt500036jf/
D-158,TEST,T,alma990003317050403126,record,JSON,LD,,T,,ark:/13030/c8dr2x7w/,,ark:/13030/c8dr2x7w/
D-159,TEST,T,alma990024387730403126,record,JSON,LD,,T,,ark:/13030/kt8k40245n,,ark:/13030/kt8k40245n/
D-160,todo,T,alma9981195056803126,record,JSON,LD,,,,,,ark:/13030/c80007w2/
D-161,TEST,T,alma990005412200403126,record,JSON,LD,,T,,ark:/13030/kt067nf0z8,,ark:/13030/kt067nf0z8/
D-162,TEST,T,alma990006739470403126,record,JSON,LD,,T,,ark:/13030/c8xk8htr/,,ark:/13030/c8xk8htr/
D-163,TEST,T,alma990005502670403126,record,JSON,LD,,T,,ark:/13030/c8gf0v88/,,ark:/13030/c8gf0v88/
D-164,TEST,T,990007570470403126,record,JSON,LD,,T,,ark:/13030/c8st7s4w/,,ark:/13030/c8st7s4w/
D-165,TEST,T,,,,,,T,,ark:/13030/c8p55qsb/,,ark:/13030/c8p55qsb/
D-166,TEST,T,alma990030016540403126,record,JSON,LD,,T,,ark:/13030/c89025hv/,,ark:/13030/c89025hv/
D-167,TEST,T,alma990037334000403126,record,JSON,LD,,T,,ark:/13030/c8bg2r7f/,,ark:/13030/c8bg2r7f/
D-169,TEST,T,alma990022878920403126,record,JSON,LD,,T,,ark:/13030/kt6k4022tw,,ark:/13030/kt6k4022tw/
D-170,TEST,T,alma990022876840403126,record,JSON,LD,,T,,ark:/13030/c8gf0wsd/,,ark:/13030/c8gf0wsd/
D-171,TEST,T,alma990036962320403126,record,JSON,LD,,T,,ark:/13030/c8vt1ts5/,,ark:/13030/c8vt1ts5/
D-172,TEST,T,alma990005502680403126,record,JSON,LD,,T,,ark:/13030/c8bp052g/,,ark:/13030/c8bp052g/
D-173,TEST,T,alma990024183150403126,record,JSON,LD,,T,,,,ark:/13030/c8kw5j8v/
D-174,TEST,T,alma990005502690403126,record,JSON,LD,,T,,ark:/13030/c8z039x5/,,ark:/13030/c8z039x5/
D-175,TEST,T,alma990002964530403126,record,JSON,LD,,T,,ark:/13030/kt4w1037z5/,,ark:/13030/kt4w1037z5/
D-176,TEST,T,alma990005502700403126,record,JSON,LD,,T,,ark:/13030/kt367nf33q/,,ark:/13030/kt367nf33q/
D-177,TEST,T,alma990032071200403126,record,JSON,LD,,T,,ark:/13030/c8vd71pf/,,ark:/13030/c8vd71pf/
D-178,TEST,T,alma990031302610403126,record,JSON,LD,,T,,ark:/13030/kt1h4nf353/,,ark:/13030/kt1h4nf353/
D-179,TEST,T,alma990037606810403126,record,JSON,LD,,T,,ark:/13030/c8ff3vn1/,,ark:/13030/c8ff3vn1/
D-180,TEST,T,alma990037606830403126,record,JSON,LD,,T,,ark:/13030/c89p33xp/,,ark:/13030/c89p33xp/
D-181,TEST,T,alma990005502710403126,record,JSON,LD,,T,,ark:/13030/c85x2c7t/,,ark:/13030/c85x2c7t/
D-182,TEST,T,alma990003234290403126,record,JSON,LD,,T,,ark:/13030/c82809w8/,,ark:/13030/c82809w8/
D-183,TEST,T,alma990005502720403126,record,JSON,LD,,T,,ark:/13030/c8t72k6v/,,ark:/13030/c8t72k6v/
D-184,TEST,T,alma990002964550403126,record,JSON,LD,,T,,ark:/13030/kt7199s00b/,,ark:/13030/kt7199s00b/
D-185,TEST,T,alma990031302640403126,record,JSON,LD,,T,,ark:/13030/c8jq12rs/,,ark:/13030/c8jq12rs/
D-186,TEST,T,alma990037062120403126,record,JSON,LD,,T,,ark:/13030/c89888r8/,,ark:/13030/c89888r8/
D-187,TEST,T,alma990024181050403126,record,JSON,LD,,T,,ark:/13030/c8xg9tfw/,,ark:/13030/c8xg9tfw/
D-188,TEST,T,alma990037606870403126,record,JSON,LD,,T,,,,ark:/13030/c8j67k6x/
D-189,TEST,T,alma990003317020403126,record,JSON,LD,,T,,ark:/13030/kt5s2027b2,,ark:/13030/kt5s2027b2/
D-190,TEST,T,alma990031301940403126,record,JSON,LD,,T,,ark:/13030/c8x068ss/,,ark:/13030/c8x068ss/
D-191,TEST,T,alma990002964640403126,record,JSON,LD,,T,,ark:/13030/kt958028sk,,ark:/13030/kt958028sk/
D-192,TEST,T,990005648790403126,record,JSON,LD,,T,,ark:/13030/kt4w1032bf,,ark:/13030/kt4w1032bf/
D-193,todo,T,,,,,,T,,,,
D-194,TEST,T,990005648790403126,record,JSON,LD,,T,,ark:/13030/kt5p3019xq,,ark:/13030/kt5p3019xq/
D-195,TEST,T,,,,,,T,,ark:/13030/c8ng4sc6/,,ark:/13030/c8ng4sc6/
D-196,TEST,T,alma990003494310403126,record,JSON,LD,,T,,ark:/13030/c8sq92p3/,,ark:/13030/c8sq92p3/
D-197,TEST,T,alma990002964590403126,record,JSON,LD,,T,,ark:/13030/kt4d5nc57g,,ark:/13030/kt4d5nc57g/
D-198,TEST,T,alma990003195750403126,record,JSON,LD,,T,,ark:/13030/c8nz89xx/,,ark:/13030/c8nz89xx/
D-199,TEST,T,alma990003491530403126,record,JSON,LD,,T,,ark:/13030/c8hq41p9/,,ark:/13030/c8hq41p9/
D-200,TEST,T,alma990003491520403126,record,JSON,LD,,T,,ark:/13030/c88917nw/,,ark:/13030/c88917nw/
D-201,TEST,T,alma990037606880403126,record,JSON,LD,,T,,ark:/13030/c8df6tg6/,,ark:/13030/c8df6tg6/
D-202,TEST,T,alma990005273110403126,record,JSON,LD,,T,,ark:/13030/c8xk8hg8/,,ark:/13030/c8xk8hg8/
D-203,TEST,T,alma990002058240403126,record,JSON,LD,,T,,ark:/13030/c88p62tr/,,ark:/13030/c88p62tr/
D-204,TEST,T,alma990031302670403126,record,JSON,LD,,T,,ark:/13030/c85141h2/,,ark:/13030/c85141h2/
D-205,TEST,T,990023943190403126,record,JSON,LD,,T,,ark:/13030/c8st7rrj/,,ark:/13030/c8st7rrj/
D-206,skip,,,,,,,T,,ark:/13030/kt538nd9f9,,ark:/13030/kt538nd9f9/
D-207,todo,T,,,,,,,,,,ark:/13030/tf309nb0bw/
D-208,TEST,T,alma990017350570403126,record,JSON,LD,,T,,ark:/13030/c8zg6vjt/,,ark:/13030/c8zg6vjt/
D-209,TEST,T,990005412230403126,record,JSON,LD,,T,,ark:/13030/c8p2711x/,,ark:/13030/c8p2711x/
D-210,todo,T,,,,,,T,,,,
D-211,TEST,T,alma990023176360403126,record,JSON,LD,,T,,ark:/13030/kt429019js,,ark:/13030/kt429019js/
D-212,TEST,T,alma990037016890403126,record,JSON,LD,,T,,ark:/13030/c8jw8gt1/,,ark:/13030/c8jw8gt1/
D-213,TEST,T,alma990030889430403126,record,JSON,LD,,T,,ark:/13030/c8j9688r/,,ark:/13030/c8j9688r/
D-214,TEST,T,990024193960403126,record,JSON,LD,,T,,ark:/13030/c8dj5hhk/,,ark:/13030/c8dj5hhk/
D-215,TEST,T,,,,,,T,,ark:/13030/kt5d5nc8r0,,ark:/13030/kt5d5nc8r0/
D-216,TEST,T,alma990006810720403126,record,JSON,LD,,T,,ark:/13030/tf9r29p1gk,,ark:/13030/tf9r29p1gk/
D-217,TEST,T,alma990002366860403126,record,JSON,LD,,T,,ark:/13030/c88s4rt9/,,ark:/13030/c88s4rt9/
D-218,TEST,T,alma990037015380403126,record,JSON,LD,,T,,ark:/13030/c8dj5hj1/,,ark:/13030/c8dj5hj1/
D-219,TEST,T,alma990005534860403126,record,JSON,LD,,T,,ark:/13030/c88s4rvr/,,ark:/13030/c88s4rvr/
D-220,TEST,T,alma990037015450403126,record,JSON,LD,,T,,ark:/13030/c851415k/,,ark:/13030/c851415k/
D-221,TEST,T,alma990023245890403126,record,JSON,LD,,T,,ark:/13030/c86q209d/,,ark:/13030/c86q209d/
D-222,TEST,T,alma990006725470403126,record,JSON,LD,,T,,ark:/13030/c82z17kp/,,ark:/13030/c82z17kp/
D-223,TEST,T,alma990005412210403126,record,JSON,LD,,T,,ark:/13030/c8z60r45/,,ark:/13030/c8z60r45/
D-224,TEST,T,,,,,,T,,ark:/13030/c8tf00f8/,,ark:/13030/c8tf00f8/
D-225,TEST,T,alma990022189170403126,record,JSON,LD,,T,,ark:/13030/kt4b69q93c,,ark:/13030/kt4b69q93c/
D-226,TEST,T,alma990027696220403126,record,JSON,LD,,T,,ark:/13030/kt438nd2b2,,ark:/13030/kt438nd2b2/
D-227,TEST,T,alma9981194952503126,record,JSON,LD,,T,,,,ark:/13030/c8qj7q37/
D-228,TEST,T,alma990022659320403126,record,JSON,LD,,T,,ark:/13030/kt1r29q0x4,,ark:/13030/kt1r29q0x4/
D-229,TEST,T,alma990016917970403126,record,JSON,LD,,T,,ark:/13030/kt4199s0f4/,,ark:/13030/kt4199s0f4/
D-230,TEST,T,alma990037109850403126,record,JSON,LD,,T,,ark:/13030/c8j10571/,,ark:/13030/c8j10571/
D-231,TEST,T,alma990003317130403126,record,JSON,LD,,T,,ark:/13030/tf4c6004f0,,ark:/13030/tf4c6004f0/
D-232,TEST,T,alma990003327390403126,record,JSON,LD,,T,,ark:/13030/c8v98b5s/,,ark:/13030/c8v98b5s/
D-233,TEST,T,alma990037109870403126,record,JSON,LD,,T,,ark:/13030/c8qj7kc5/,,ark:/13030/c8qj7kc5/
D-234,TEST,T,alma990002366830403126,record,JSON,LD,,T,,ark:/13030/kt3h4nc8mz,,ark:/13030/kt3h4nc8mz/
D-235,TEST,T,alma990005502730403126,record,JSON,LD,,T,,ark:/13030/c8ks6tm0/,,ark:/13030/c8ks6tm0/
D-236,TEST,T,alma990005412220403126,record,JSON,LD,,T,,ark:/13030/c8mk6fz5/,,ark:/13030/c8mk6fz5/
D-238,TEST,T,alma990022667070403126,record,JSON,LD,,T,,ark:/13030/tf3n39n729,,ark:/13030/tf3n39n729/
D-239,TEST,T,990007598080403126,record,JSON,LD,,T,,ark:/13030/c8zw1nzz/,,ark:/13030/c8zw1nzz/
D-240,skip,,,,,,,T,,ark:/13030/c8th8pxj/,,ark:/13030/c8th8pxj/
D-240;315,todo,T,,,,,,,,,,ark:/13030/c8th8pxj/
D-241,TEST,T,alma990006849940403126,record,JSON,LD,,T,,ark:/13030/c85d8twt/,,ark:/13030/c85d8twt/
D-242,TEST,T,alma990037109900403126,record,JSON,LD,,T,,ark:/13030/c8cn79j1/,,ark:/13030/c8cn79j1/
D-243,TEST,T,alma990036797600403126,record,JSON,LD,,T,,ark:/13030/c80r9rgw/,,ark:/13030/c80r9rgw/
D-244,TEST,T,alma990037278220403126,record,JSON,LD,,T,,ark:/13030/c8x92dhf/,,ark:/13030/c8x92dhf/
D-245,TEST,T,alma990030535350403126,record,JSON,LD,,T,,ark:/13030/c8wd42sc/,,ark:/13030/c8wd42sc/
D-246,TEST,T,alma990005534870403126,record,JSON,LD,,T,,ark:/13030/c8w0981r/,,ark:/13030/c8w0981r/
D-247,TEST,T,alma990004779510403126,record,JSON,LD,,T,,ark:/13030/c8r78hbg/,,ark:/13030/c8r78hbg/
D-248,TEST,T,alma990005502740403126,record,JSON,LD,,T,,ark:/13030/c8mg7rmr/,,ark:/13030/c8mg7rmr/
D-251,TEST,T,alma990022678420403126,record,JSON,LD,,T,,ark:/13030/kt8n39p803,,ark:/13030/kt8n39p803/
D-252,TEST,T,alma990006857250403126,record,JSON,LD,,T,,ark:/13030/c81838ts/,,ark:/13030/c81838ts/
D-254,TEST,T,alma990003491590403126,record,JSON,LD,,T,,ark:/13030/c8mg7r88/,,ark:/13030/c8mg7r88/
D-255,TEST,T,alma990024192810403126,record,JSON,LD,,T,,ark:/13030/c8n018rz/,,ark:/13030/c8n018rz/
D-256,TEST,T,990007558380403126,record,JSON,LD,,T,,ark:/13030/c8wh2s92/,,ark:/13030/c8wh2s92/
D-257,TEST,T,990007558390403126,record,JSON,LD,,T,,ark:/13030/c8rr21j8/,,ark:/13030/c8rr21j8/
D-258,TEST,T,,,,,,T,,ark:/13030/c8n018tv/,,ark:/13030/c8n018tv/
D-259,TEST,T,alma990005273150403126,record,JSON,LD,,T,,ark:/13030/c8h70j3j/,,ark:/13030/c8h70j3j/
D-260,TEST,T,alma990017350530403126,record,JSON,LD,,T,,ark:/13030/c8gt5pxd/,,ark:/13030/c8gt5pxd/
D-261,TEST,T,alma990017350550403126,record,JSON,LD,,T,,ark:/13030/c84q7x8d/,,ark:/13030/c84q7x8d/
D-262,TEST,T,alma990002519260403126,record,JSON,LD,,T,,ark:/13030/c80z75kh/,,ark:/13030/c80z75kh/
D-263,TEST,T,alma990022108210403126,record,JSON,LD,,T,,ark:/13030/c8w66p23/,,ark:/13030/c8w66p23/
D-264,TEST,T,alma990005273120403126,record,JSON,LD,,T,,ark:/13030/c8z03bf9/,,ark:/13030/c8z03bf9/
D-265,skip,,alma990005467850403126,record,JSON,LD,,T,,ark:/13030/c81r6sr2/,,ark:/13030/c81r6sr2/
D-265;336,todo,T,,,,,,,,,,ark:/13030/c81r6sr2/
D-266,TEST,T,alma990005273130403126,record,JSON,LD,,T,,ark:/13030/c8t72kqk/,,ark:/13030/c8t72kqk/
D-267,TEST,T,alma990005273140403126,record,JSON,LD,,T,,ark:/13030/c8pv6nmj/,,ark:/13030/c8pv6nmj/
D-268,TEST,T,alma990005502750403126,record,JSON,LD,,T,,ark:/13030/kt300016z4,,ark:/13030/kt300016z4/
D-269,TEST,T,alma990030156940403126,record,JSON,LD,,T,,ark:/13030/kt1b69r54g,,ark:/13030/kt1b69r54g/
D-270,TEST,T,alma990005502760403126,record,JSON,LD,,T,,,,ark:/13030/c82r3zgq/
D-271,TEST,T,alma990024188670403126,record,JSON,LD,,T,,ark:/13030/c8pg1v1q/,,ark:/13030/c8pg1v1q/
D-272,TEST,T,alma990024183170403126,record,JSON,LD,,T,,ark:/13030/c8nc62zv/,,ark:/13030/c8nc62zv/
D-273,TEST,T,alma990030016570403126,record,JSON,LD,,T,,ark:/13030/c8jq13bt/,,ark:/13030/c8jq13bt/
D-274,TEST,T,alma990005550720403126,record,JSON,LD,,T,,ark:/13030/kt909nf626/,,ark:/13030/kt909nf626/
D-275,TEST,T,alma990022689680403126,record,JSON,LD,,T,,ark:/13030/c8f19204/,,ark:/13030/c8f19204/
D-276,TEST,T,990024430300403126,record,JSON,LD,,T,,ark:/13030/c8tf00k2/,,ark:/13030/c8tf00k2/
D-277,TEST,T,,,,,,T,,ark:/13030/kt7g50214q,,ark:/13030/kt7g50214q/
D-278,TEST,T,alma990007598090403126,record,JSON,LD,,T,,ark:/13030/c8hm5b63/,,ark:/13030/c8hm5b63/
D-280,TEST,T,alma990004790960403126,record,JSON,LD,,T,,ark:/13030/c8cc12x1/,,ark:/13030/c8cc12x1/
D-281,TEST,T,alma9981090727503126,record,JSON,LD,,T,,ark:/13030/c8474h8g/,,ark:/13030/c8474h8g/
D-282,TEST,T,alma990022662370403126,record,JSON,LD,,T,,ark:/13030/kt6p3021mz,,ark:/13030/kt6p3021mz/
D-283,TEST,T,alma9981090727803126,record,JSON,LD,,T,,,,ark:/13030/c880581n/
D-284,TEST,T,alma990003491610403126,record,JSON,LD,,T,,ark:/13030/kt5000376r/,,ark:/13030/kt5000376r/
D-285,TEST,T,alma990005502780403126,record,JSON,LD,,T,,ark:/13030/c8cv4kgc/,,ark:/13030/c8cv4kgc/
D-286,TEST,T,alma990024189060403126,record,JSON,LD,,T,,ark:/13030/c898899v/,,ark:/13030/c898899v/
D-287,TEST,T,alma990005502790403126,record,JSON,LD,,T,,ark:/13030/c85h7jjp/,,ark:/13030/c85h7jjp/
D-288,TEST,T,990029928940403126,record,JSON,LD,,T,,ark:/13030/kt1j49r50q/,,ark:/13030/kt1j49r50q/
D-289,TEST,T,,,,,,T,,ark:/13030/kt0f59r41s,,ark:/13030/kt0f59r41s/
D-290,TEST,T,990024182850403126,record,JSON,LD,,T,,ark:/13030/c81r6ssh/,,ark:/13030/c81r6ssh/
D-291,TEST,T,,,,,,T,,ark:/13030/kt9000308n,,ark:/13030/kt9000308n/
D-292,TEST,T,alma990006837900403126,record,JSON,LD,,T,,ark:/13030/c8x0699x/,,ark:/13030/c8x0699x/
D-293,TEST,T,990029245240403126,record,JSON,LD,,T,,ark:/13030/c8jd4w4p/,,ark:/13030/c8jd4w4p/
D-294,TEST,T,,,,,,T,,ark:/13030/kt6c6027qf,,ark:/13030/kt6c6027qf/
D-295,TEST,T,alma990002953580403126,record,JSON,LD,,T,,ark:/13030/c8833trz/,,ark:/13030/c8833trz/
D-296,TEST,T,alma990027261140403126,record,JSON,LD,,T,,ark:/13030/kt2c60258h,,ark:/13030/kt2c60258h/
D-297,TEST,T,alma990022717130403126,record,JSON,LD,,T,,ark:/13030/kt6d5nc751,,ark:/13030/kt6d5nc751/
D-298,TEST,T,990023337370403126,record,JSON,LD,,T,,ark:/13030/c8vx0j8s/,,ark:/13030/c8vx0j8s/
D-299,TEST,T,,,,,,T,,ark:/13030/c8s75jmn/,,ark:/13030/c8s75jmn/
D-300,TEST,T,990024183230403126,record,JSON,LD,,T,,ark:/13030/c8h41tmx/,,ark:/13030/c8h41tmx/
D-301,TEST,T,,,,,,T,,ark:/13030/c83t9kf0/,,ark:/13030/c83t9kf0/
D-302,TEST,T,alma990002366750403126,record,JSON,LD,,T,,ark:/13030/c8pc34kx/,,ark:/13030/c8pc34kx/
D-303,TEST,T,alma9981195252903126,record,JSON,LD,,T,,,,ark:/13030/c8tb1dpq/
D-304,TEST,T,alma990003327590403126,record,JSON,LD,,T,,ark:/13030/c8b56mx5/,,
D-305,TEST,T,990037330960403126,record,JSON,LD,,T,,ark:/13030/c8125vwd/,,ark:/13030/c8125vwd/
D-306,TEST,T,,,,,,T,,ark:/13030/c8cc12wk/,,ark:/13030/c8cc12wk/
D-307,TEST,T,alma990002953590403126,record,JSON,LD,,T,,ark:/13030/c8j105ct/,,ark:/13030/c8j105ct/
D-308,TEST,T,alma990022108480403126,record,JSON,LD,,T,,ark:/13030/c86q20gn/,,ark:/13030/c86q20gn/
D-309,TEST,T,alma990002964630403126,record,JSON,LD,,T,,ark:/13030/kt5s2018kq,,ark:/13030/kt5s2018kq/
D-310,TEST,T,990037330980403126,record,JSON,LD,,T,,ark:/13030/kt196nc42t,,ark:/13030/kt196nc42t/
D-311,TEST,T,,,,,,T,,ark:/13030/c8028tr1/,,ark:/13030/c8028tr1/
D-312,TEST,T,alma990037259850403126,record,JSON,LD,,T,,ark:/13030/c8t43w98/,,ark:/13030/c8t43w98/
D-313,TEST,T,990003327600403126,record,JSON,LD,,T,,ark:/13030/c84t6mmt/,,ark:/13030/c84t6mmt/
D-314,TEST,T,,,,,,T,,ark:/13030/kt409nf3wm/,,ark:/13030/kt409nf3wm/
D-315,TEST,T,alma990037259860403126,record,JSON,LD,,T,,ark:/13030/c8xw4n1p/,,ark:/13030/c8xw4n1p/
D-316,TEST,T,alma990025080630403126,record,JSON,LD,,T,,ark:/13030/c87m0b58/,,ark:/13030/c87m0b58/
D-317,TEST,T,alma990037278340403126,record,JSON,LD,,T,,ark:/13030/c8sj1nt5/,,ark:/13030/c8sj1nt5/
D-318,todo,T,alma9981114058503126,record,JSON,LD,,,,,,ark:/13030/c8k079r1/
D-319,TEST,T,alma9981195355903126,record,JSON,LD,,T,,,,ark:/13030/c84m9bcf/
D-320,TEST,T,alma990005347770403126,record,JSON,LD,,T,,ark:/13030/c82n54hz/,,ark:/13030/c82n54hz/
D-321,TEST,T,alma9981195355803126,record,JSON,LD,,T,,,,ark:/13030/c8v4120v/
D-322,TEST,T,990007593400403126,record,JSON,LD,,T,,ark:/13030/kt3x0nf1j2/,,ark:/13030/kt3x0nf1j2/
D-323,TEST,T,,,,,,T,,ark:/13030/c85m67xj/,,ark:/13030/c85m67xj/
D-324,TEST,T,alma990003317060403126,record,JSON,LD,,T,,ark:/13030/c8v98b84/,,ark:/13030/c8v98b84/
D-325,TEST,T,alma990023244500403126,record,JSON,LD,,T,,ark:/13030/c88s4s4r/,,ark:/13030/c88s4s4r/
D-326,TEST,T,alma990017350580403126,record,JSON,LD,,T,,ark:/13030/c8qj7khz/,,ark:/13030/c8qj7khz/
D-327,TEST,T,alma990007598100403126,record,JSON,LD,,T,,ark:/13030/c8t72knp/,,ark:/13030/c8t72knp/
D-328,TEST,T,alma990024665280403126,record,JSON,LD,,T,,ark:/13030/c83n25kf/,,ark:/13030/c83n25kf/
D-329,TEST,T,alma990024656700403126,record,JSON,LD,,T,,ark:/13030/kt0g5018bk,,ark:/13030/kt0g5018bk/
D-330,TEST,T,alma990005502830403126,record,JSON,LD,,T,,ark:/13030/c8zc853f/,,ark:/13030/c8zc853f/
D-331,TEST,T,alma990005502850403126,record,JSON,LD,,T,,ark:/13030/c8tm7dcq/,,ark:/13030/c8tm7dcq/
D-332,TEST,T,alma990005502870403126,record,JSON,LD,,T,,ark:/13030/c8fb5556/,,ark:/13030/c8fb5556/
D-333,TEST,T,990005114850403126,record,JSON,LD,,T,,ark:/13030/c8db843q/,,ark:/13030/c8db843q/
D-334,TEST,T,,,,,,T,,ark:/13030/c83j3g6k/,,ark:/13030/c83j3g6k/
D-335,TEST,T,alma990005502890403126,record,JSON,LD,,T,,ark:/13030/c87946xw/,,ark:/13030/c87946xw/
D-336,TEST,T,alma990005534910403126,record,JSON,LD,,T,,ark:/13030/c84x5b03/,,ark:/13030/c84x5b03/
D-337,TEST,T,alma990005534920403126,record,JSON,LD,,T,,ark:/13030/c8154k8p/,,ark:/13030/c8154k8p/
D-338,TEST,T,alma990005534940403126,record,JSON,LD,,T,,ark:/13030/c8rn3b22/,,ark:/13030/c8rn3b22/
D-339,TEST,T,alma990005534950403126,record,JSON,LD,,T,,ark:/13030/c8mw2kbb/,,ark:/13030/c8mw2kbb/
D-340,TEST,T,alma990005534960403126,record,JSON,LD,,T,,ark:/13030/c87p91mg/,,ark:/13030/c87p91mg/
D-341,TEST,T,alma990022154520403126,record,JSON,LD,,T,,ark:/13030/c83x88wr/,,ark:/13030/c83x88wr/
D-342,TEST,T,alma990005446190403126,record,JSON,LD,,T,,ark:/13030/c8057j5r/,,ark:/13030/c8057j5r/
D-343,TEST,T,alma990005556970403126,record,JSON,LD,,T,,ark:/13030/c8t155wx/,,ark:/13030/c8t155wx/
D-344,TEST,T,alma990005535000403126,record,JSON,LD,,T,,ark:/13030/kt0v19q6dm,,ark:/13030/kt0v19q6dm/
D-345,TEST,T,alma990005502900403126,record,JSON,LD,,T,,ark:/13030/kt2f59r62w,,ark:/13030/kt2f59r62w/
D-346,TEST,T,alma990005502910403126,record,JSON,LD,,T,,ark:/13030/c87p94k8/,,ark:/13030/c87p94k8/
D-347,TEST,T,990005535020403126,record,JSON,LD,,T,,ark:/13030/c88054vr/,,ark:/13030/c88054vr/
D-348,TEST,T,,,,,,T,,ark:/13030/c8mp53vb/,,ark:/13030/c8mp53vb/
D-349,TEST,T,alma990005535030403126,record,JSON,LD,,T,,ark:/13030/c8z89fn8/,,ark:/13030/c8z89fn8/
D-350,TEST,T,alma990005138940403126,record,JSON,LD,,T,,ark:/13030/c85t3nr6/,,ark:/13030/c85t3nr6/
D-351,TEST,T,alma990005535040403126,record,JSON,LD,,T,,ark:/13030/c8611255/,,ark:/13030/c8611255/
D-352,TEST,T,alma9981195355703126,record,JSON,LD,,T,,,,ark:/13030/c8dz0g31/
D-353,TEST,T,990005535050403126,record,JSON,LD,,T,,ark:/13030/kt0d5nf3bq/,,ark:/13030/kt0d5nf3bq/
D-354,TEST,T,,,,,,T,,ark:/13030/c84f1t10/,,ark:/13030/c84f1t10/
D-355,TEST,T,alma990005535060403126,record,JSON,LD,,T,,ark:/13030/c80p12b3/,,ark:/13030/c80p12b3/
D-356,TEST,T,alma990005556990403126,record,JSON,LD,,T,,ark:/13030/c8xg9t02/,,ark:/13030/c8xg9t02/
D-357,TEST,T,alma990005556980403126,record,JSON,LD,,T,,ark:/13030/kt8000374n/,,ark:/13030/kt8000374n/
D-358,TEST,T,alma990004779520403126,record,JSON,LD,,T,,ark:/13030/kt6t1nd9f6/,,ark:/13030/kt6t1nd9f6/
D-359,TEST,T,alma990004779530403126,record,JSON,LD,,T,,ark:/13030/c8vx0jtz/,,ark:/13030/c8vx0jtz/
D-360,TEST,T,alma990004779540403126,record,JSON,LD,,T,,ark:/13030/c8wd415w/,,ark:/13030/c8wd415w/
D-361,TEST,T,alma990022154560403126,record,JSON,LD,,T,,ark:/13030/c8r49t2z/,,ark:/13030/c8r49t2z/
D-362,TEST,T,990004807690403126,record,JSON,LD,,T,,ark:/13030/c8j67js4/,,ark:/13030/c8j67js4/
D-363,TEST,T,,,,,,T,,ark:/13030/kt1h4nd90z/,,ark:/13030/kt1h4nd90z/
D-364,TEST,T,alma990036994730403126,record,JSON,LD,,T,,ark:/13030/c8df6t38/,,ark:/13030/c8df6t38/
D-365,TEST,T,990022154630403126,record,JSON,LD,,T,,ark:/13030/c8mc9295/,,ark:/13030/c8mc9295/
D-366,TEST,T,,,,,,T,,ark:/13030/kt3k401884,,ark:/13030/kt3k401884/
D-367,TEST,T,alma990021252770403126,record,JSON,LD,,T,,ark:/13030/c88s4rsv/,,ark:/13030/c88s4rsv/
D-368,TEST,T,alma990022046160403126,record,JSON,LD,,T,,ark:/13030/c8gm89kf/,,ark:/13030/c8gm89kf/
D-369,TEST,T,alma990022154630403126,record,JSON,LD,,T,,ark:/13030/kt1h4nf0d8/,,ark:/13030/kt1h4nf0d8/
D-370,TEST,T,alma990021252720403126,record,JSON,LD,,T,,ark:/13030/c8514144/,,ark:/13030/c8514144/
D-371,TEST,T,alma990038434560403126,record,JSON,LD,,T,,ark:/13030/c80c4z3r/,,ark:/13030/c80c4z3r/
D-372,TEST,T,alma990021807740403126,record,JSON,LD,,T,,ark:/13030/c8vm4fk0/,,ark:/13030/c8vm4fk0/
D-373,TEST,T,alma990024523930403126,record,JSON,LD,,T,,ark:/13030/c8qv3ptt/,,ark:/13030/c8qv3ptt/
D-374,TEST,T,alma990024948400403126,record,JSON,LD,,T,,ark:/13030/c8m32z2c/,,ark:/13030/c8m32z2c/
D-375,TEST,T,alma990021614220403126,record,JSON,LD,,T,,ark:/13030/c81838dd/,,ark:/13030/c81838dd/
D-376,TEST,T,alma990021614260403126,record,JSON,LD,,T,,ark:/13030/kt887036dq,,ark:/13030/kt887036dq/
D-377,TEST,T,alma990021807710403126,record,JSON,LD,,T,,ark:/13030/c8wh2rw8/,,ark:/13030/c8wh2rw8/
D-378,TEST,T,alma990021807700403126,record,JSON,LD,,T,,ark:/13030/c8gb26b1/,,ark:/13030/c8gb26b1/
D-379,TEST,T,alma990021807670403126,record,JSON,LD,,T,,ark:/13030/c8bk1fp6/,,ark:/13030/c8bk1fp6/
D-380,TEST,T,alma990033242040403126,record,JSON,LD,,T,,ark:/13030/kt829040z7/,,ark:/13030/kt829040z7/
D-381,TEST,T,alma990022046150403126,record,JSON,LD,,T,,ark:/13030/c86w9dcn/,,ark:/13030/c86w9dcn/
D-382,TEST,T,alma990022045210403126,record,JSON,LD,,T,,ark:/13030/c8348nq4/,,ark:/13030/c8348nq4/
D-383,TEST,T,alma990038434640403126,record,JSON,LD,,T,,ark:/13030/c8zc856s/,,ark:/13030/c8zc856s/
D-384,TEST,T,alma990024739290403126,record,JSON,LD,,T,,ark:/13030/c8794723/,,ark:/13030/c8794723/
D-385,skip,,alma990022154680403126,record,JSON,LD,,T,,ark:/13030/c8rr214w/,,ark:/13030/c8rr214w/
D-385;419,todo,T,,,,,,,,,,ark:/13030/c8rr214w/
D-386,TEST,T,alma990022110210403126,record,JSON,LD,,T,,ark:/13030/c8zs2zxk/,,ark:/13030/c8zs2zxk/
D-387,TEST,T,alma990022154730403126,record,JSON,LD,,T,,ark:/13030/c8gx4c41/,,ark:/13030/c8gx4c41/
D-388,TEST,T,alma990022461590403126,record,JSON,LD,,T,,ark:/13030/kt609nc6q6,,ark:/13030/kt609nc6q6/
D-389,TEST,T,alma990022574590403126,record,JSON,LD,,T,,ark:/13030/kt5q2nc5wk,,ark:/13030/kt5q2nc5wk/
D-390,TEST,T,alma990022510050403126,record,JSON,LD,,T,,ark:/13030/tf6w1008wj,,ark:/13030/tf6w1008wj/
D-391,TEST,T,alma990022509770403126,record,JSON,LD,,T,,ark:/13030/tf6r29p1q8,,ark:/13030/tf6r29p1q8/
D-392,TEST,T,alma990022507520403126,record,JSON,LD,,T,,ark:/13030/tf409nb3f6,,ark:/13030/tf409nb3f6/
D-393,TEST,T,alma990022620510403126,record,JSON,LD,,T,,ark:/13030/c8v1276z/,,ark:/13030/c8v1276z/
D-394,TEST,T,alma990023024950403126,record,JSON,LD,,T,,ark:/13030/kt5p3020w9,,ark:/13030/kt5p3020w9/
D-395,TEST,T,alma990022725700403126,record,JSON,LD,,T,,ark:/13030/c8q81gfs/,,ark:/13030/c8q81gfs/
D-396,TEST,T,alma990022690980403126,record,JSON,LD,,T,,ark:/13030/c8fr0004/,,ark:/13030/c8fr0004/
D-397,skip,,alma990022725670403126,record,JSON,LD,,T,,ark:/13030/c8dv1n8p/,,ark:/13030/c8dv1n8p/
D-397;674,todo,T,,,,,,,,,,ark:/13030/c8dv1n8p/
D-398,TEST,T,990022727390403126,record,JSON,LD,,T,,ark:/13030/kt7q2nc9t3,,ark:/13030/kt7q2nc9t3/
D-399,TEST,T,,,,,,T,,ark:/13030/c8930wkq/,,ark:/13030/c8930wkq/
D-400,TEST,T,alma990023130280403126,record,JSON,LD,,T,,ark:/13030/c8hx1fww/,,ark:/13030/c8hx1fww/
D-401,TEST,T,,,,,,T,,ark:/13030/c8ns0x5r/,,ark:/13030/c8ns0x5r/
D-402,TEST,T,alma990023071350403126,record,JSON,LD,,T,,ark:/13030/c8d50q5w/,,ark:/13030/c8d50q5w/
D-404,TEST,T,alma990023071190403126,record,JSON,LD,,T,,ark:/13030/c8j38vtn/,,ark:/13030/c8j38vtn/
D-405,TEST,T,alma990023804130403126,record,JSON,LD,,T,,ark:/13030/kt087017c9,,ark:/13030/kt087017c9/
D-406,TEST,T,alma990023130160403126,record,JSON,LD,,T,,ark:/13030/kt1v19r8b9/,,ark:/13030/kt1v19r8b9/
D-407,TEST,T,alma990023213930403126,record,JSON,LD,,T,,ark:/13030/c8b56mzm/,,ark:/13030/c8b56mzm/
D-408,TEST,T,alma990029766700403126,record,JSON,LD,,T,,ark:/13030/c8db8445/,,ark:/13030/c8db8445/
D-409,TEST,T,alma990024880410403126,record,JSON,LD,,T,,ark:/13030/c8mg7rrj/,,ark:/13030/c8mg7rrj/
D-410,TEST,T,alma990039176760403126,record,JSON,LD,,T,,,,ark:/13030/c8rj4qsc/
D-411,TEST,T,alma990039179400403126,record,JSON,LD,,T,,,,ark:/13030/c85t3rrf/
D-412,TEST,T,alma990039179380403126,record,JSON,LD,,T,,,,ark:/13030/c89g5t4r/
D-413,TEST,T,alma990039176730403126,record,JSON,LD,,T,,,,ark:/13030/c8320256/
D-414,TEST,T,alma990023867490403126,record,JSON,LD,,T,,ark:/13030/kt4d5nf4wq/,,ark:/13030/kt4d5nf4wq/
D-415,TEST,T,,,,,,T,,ark:/13030/c8959kss/,,ark:/13030/c8959kss/
D-416,TEST,T,alma990022781120403126,record,JSON,LD,,T,,ark:/13030/kt829023mm,,ark:/13030/kt829023mm/
D-417,TEST,T,,,,,,T,,ark:/13030/kt6v19q65v,,ark:/13030/kt6v19q65v/
D-418,TEST,T,,,,,,T,,ark:/13030/c8np26n2/,,ark:/13030/c8np26n2/
D-419,skip,,alma9981078857403126,record,JSON,LD,,T,,ark:/13030/c8bc41r6/,,ark:/13030/c8bc41r6/
D-419;155,todo,T,,,,,,,,,,ark:/13030/c8bc41r6/
D-420,TEST,T,,,,,,T,,ark:/13030/c8q81g90/,,ark:/13030/c8q81g90/
D-422,todo,T,,,,,,T,,ark:/13030/c8gt5qcn/,,
D-423,skip,,,,,,,T,,ark:/13030/c8hx1fxb/,,ark:/13030/c8hx1fxb/
D-423;157,todo,T,,,,,,,,,,ark:/13030/c8hx1fxb/
D-424,TEST,T,alma990024522230403126,record,JSON,LD,,T,,ark:/13030/c8v69mtz/,,ark:/13030/c8v69mtz/
D-425,TEST,T,,,,,,T,,ark:/13030/c8fx7cnk/,,ark:/13030/c8fx7cnk/
D-426,TEST,T,,,,,,T,,ark:/13030/c8b27xhv/,,ark:/13030/c8b27xhv/
D-427,TEST,T,,,,,,T,,ark:/13030/kt600021sh,,ark:/13030/kt600021sh/
D-428,skip,,,,,,,T,,ark:/13030/c8dz0bhr/,,ark:/13030/c8dz0bhr/
D-429,todo,T,,,,,,,,,,ark:/13030/c8d50q6b/
D-430,TEST,T,alma990024948480403126,record,JSON,LD,,T,,ark:/13030/c8kp84c9/,,ark:/13030/c8kp84c9/
D-432,TEST,T,alma990024683260403126,record,JSON,LD,,T,,ark:/13030/c8z03bcd/,,ark:/13030/c8z03bcd/
D-433,skip,,,,,,,T,,ark:/13030/c81r6sqm/,,ark:/13030/c81r6sqm/
D-433;681,skip,,,,,,,,,,,ark:/13030/c81r6sqm/
D-434;682,todo,T,,,,,,,,,,ark:/13030/c84m96s5/
D-435,TEST,T,,,,,,T,,ark:/13030/kt1t1nf085/,,ark:/13030/kt1t1nf085/
D-436,TEST,T,alma990024880470403126,record,JSON,LD,,T,,ark:/13030/c88c9zfm/,,ark:/13030/c88c9zfm/
D-437,TEST,T,,,,,,T,,ark:/13030/c8930wdg/,,ark:/13030/c8930wdg/
D-438,TEST,T,,,,,,T,,ark:/13030/c8000496/,,ark:/13030/c8000496/
D-439,TEST,T,alma990025080720403126,record,JSON,LD,,T,,ark:/13030/kt238nd1z8/,,ark:/13030/kt238nd1z8/
D-440,TEST,T,,,,,,T,,ark:/13030/c82v2j95/,,ark:/13030/c82v2j95/
D-441,TEST,T,,,,,,T,,ark:/13030/kt538nd9kc/,,ark:/13030/kt538nd9kc/
D-442,TEST,T,alma990031089080403126,record,JSON,LD,,T,,ark:/13030/c8x350ps/,,ark:/13030/c8x350ps/
D-443,TEST,T,,,,,,T,,ark:/13030/c8nc63fj/,,ark:/13030/c8nc63fj/
D-444,TEST,T,,,,,,T,,ark:/13030/c8xs5xkh/,,ark:/13030/c8xs5xkh/
D-445,TEST,T,alma990027624430403126,record,JSON,LD,,T,,ark:/13030/kt8p303955/,,ark:/13030/kt8p303955/
D-446,TEST,T,alma990027725400403126,record,JSON,LD,,T,,ark:/13030/c86m391w/,,ark:/13030/c8df6zh9/
D-447,TEST,T,alma990027724820403126,record,JSON,LD,,T,,ark:/13030/c8hm5bpc/,,ark:/13030/c8hm5bpc/
D-448,TEST,T,,,,,,T,,ark:/13030/kt0199r3kz,,ark:/13030/kt0199r3kz/
D-449,TEST,T,alma990027360050403126,record,JSON,LD,,T,,ark:/13030/kt2h4nd1pr,,ark:/13030/kt2h4nd1pr/
D-450,TEST,T,alma990029839480403126,record,JSON,LD,,T,,ark:/13030/c8s75jjr/,,ark:/13030/c8s75jjr/
D-451,TEST,T,alma990029427330403126,record,JSON,LD,,T,,ark:/13030/kt3m3nd10c,,ark:/13030/kt3m3nd10c/
D-452,TEST,T,alma990029301650403126,record,JSON,LD,,T,,ark:/13030/kt4p3036j5/,,ark:/13030/kt4p3036j5/
D-453,TEST,T,alma990028130650403126,record,JSON,LD,,T,,ark:/13030/kt4g50333p,,ark:/13030/kt4g50333p/
D-454,TEST,T,alma990027876360403126,record,JSON,LD,,T,,ark:/13030/c83x89vq/,,ark:/13030/c83x89vq/
D-455,TEST,T,alma990027876310403126,record,JSON,LD,,T,,ark:/13030/c86q20jj/,,ark:/13030/c86q20jj/
D-456,TEST,T,alma990037334050403126,record,JSON,LD,,T,,ark:/13030/c8k076g6/,,ark:/13030/c8k076g6/
D-457,TEST,T,,,,,,T,,ark:/13030/kt6k40362w,,ark:/13030/kt6k40362w/
D-458,TEST,T,alma990027720900403126,record,JSON,LD,,T,,ark:/13030/kt9z09s24w,,ark:/13030/kt9z09s24w/
D-459,TEST,T,alma990027876070403126,record,JSON,LD,,T,,ark:/13030/kt5b69r845,,ark:/13030/kt5b69r845/
D-460,TEST,T,alma990028130550403126,record,JSON,LD,,T,,ark:/13030/c8057k4q/,,ark:/13030/c8057k4q/
D-461,TEST,T,alma990029546560403126,record,JSON,LD,,T,,ark:/13030/kt4g5026db,,ark:/13030/kt4g5026db/
D-462,todo,T,alma990032112910403126,record,JSON,LD,,T,,ark:/13030/c89g5r1k/,,
D-463,TEST,T,alma990035669710403126,record,JSON,LD,,T,,ark:/13030/c80002p9/,,ark:/13030/c80002p9/
D-464,TEST,T,alma990030609950403126,record,JSON,LD,,T,,ark:/13030/c85q5097/,,ark:/13030/c85q5097/
D-465,TEST,T,alma990030543520403126,record,JSON,LD,,T,,ark:/13030/c81z47mz/,,ark:/13030/c81z47mz/
D-466,skip,,alma990036869770403126,record,JSON,LD,,T,,ark:/13030/c8x63r40/,,ark:/13030/c8x63r40/
D-467,todo,T,alma990035840920403126,record,JSON,LD,,,,,,ark:/13030/c8q52qc4/
D-468,TEST,T,alma990030040950403126,record,JSON,LD,,T,,ark:/13030/kt3j49s14x/,,ark:/13030/kt3j49s14x/
D-469,TEST,T,,,,,,T,,ark:/13030/c8zg6wkp/,,ark:/13030/c8zg6wkp/
D-470,TEST,T,alma990027875290403126,record,JSON,LD,,T,,ark:/13030/c83x87n6/,,ark:/13030/c83x87n6/
D-471,skip,,,,,,,T,,ark:/13030/c8tq64ws/,,ark:/13030/c8tq64ws/
D-471;705,todo,T,,,,,,,,,,ark:/13030/c8tq64ws/
D-472,skip,,,,,,,T,,ark:/13030/c8pz5d5g/,,ark:/13030/c8pz5d5g/
D-472;706,todo,T,,,,,,,,,,ark:/13030/c8pz5d5g/
D-473,TEST,T,,,,,,T,,ark:/13030/c83r0tfs/,,ark:/13030/c83r0tfs/
D-474,TEST,T,alma9981115551903126,record,JSON,LD,,T,,,,ark:/13030/c8s75ntk/
D-475,TEST,T,alma990034049930403126,record,JSON,LD,,T,,ark:/13030/c8k64ndm/,,ark:/13030/c8k64ndm/
D-476,skip,,alma990029798230403126,record,JSON,LD,,T,,ark:/13030/c8ff3wqb/,,ark:/13030/c8ff3wqb/
D-476;708,todo,T,,,,,,,,,,ark:/13030/c8ff3wqb/
D-477,TEST,T,alma990029578190403126,record,JSON,LD,,T,,ark:/13030/kt1p3037dn/,,ark:/13030/kt1p3037dn/
D-478,TEST,T,alma990030453010403126,record,JSON,LD,,T,,ark:/13030/kt3f59r5z5,,ark:/13030/kt3f59r5z5/
D-479,TEST,T,,,,,,T,,ark:/13030/c89s1vcw/,,ark:/13030/c89s1vcw/
D-480,TEST,T,,,,,,T,,ark:/13030/kt1c6035gr/,,ark:/13030/kt1c6035gr/
D-481,TEST,T,alma990034049910403126,record,JSON,LD,,T,,ark:/13030/c88s4t8z/,,ark:/13030/c88s4t8z/
D-482,TEST,T,,,,,,T,,ark:/13030/kt8d5nf17p,,ark:/13030/kt8d5nf17p/
D-483,TEST,T,,,,,,T,,ark:/13030/c88k7ddv/,,ark:/13030/c88k7ddv/
D-484,TEST,T,,,,,,T,,ark:/13030/c8sq93ph/,,ark:/13030/c8sq93ph/
D-485,TEST,T,alma990002964600403126,record,JSON,LD,,T,,ark:/13030/kt6s20354r,,ark:/13030/kt6s20354r/
D-486,TEST,T,,,,,,T,,ark:/13030/c84t6nqk/,,ark:/13030/c84t6nqk/
D-487,TEST,T,alma990030438140403126,record,JSON,LD,,T,,ark:/13030/c8154mdw/,,ark:/13030/c8154mdw/
D-489,skip,,,,,,,T,,ark:/13030/c8wd43z1/,,ark:/13030/c8wd43z1/
D-489;716,todo,T,,,,,,,,,,ark:/13030/c8wd43z1/
D-490,TEST,T,,,,,,T,,ark:/13030/c8qn6b4s/,,ark:/13030/c8qn6b4s/
D-491,TEST,T,alma990030262840403126,record,JSON,LD,,T,,ark:/13030/c8v410ts/,,ark:/13030/c8v410ts/
D-492,TEST,T,,,,,,T,,,,ark:/13030/kt6779r74b/
D-493,TEST,T,alma990030438120403126,record,JSON,LD,,T,,ark:/13030/c8pn98zj/,,ark:/13030/c8pn98zj/
D-494,TEST,T,alma990030474830403126,record,JSON,LD,,T,,ark:/13030/kt309nf08j,,ark:/13030/kt309nf08j/
D-495,TEST,T,,,,,,T,,ark:/13030/kt7c6037pp,,ark:/13030/kt7c6037pp/
D-496,TEST,T,alma990030609960403126,record,JSON,LD,,T,,ark:/13030/c8jw8j6s/,,ark:/13030/c8jw8j6s/
D-497,TEST,T,alma990032041650403126,record,JSON,LD,,T,,ark:/13030/c8f47sgc/,,ark:/13030/c8f47sgc/
D-498,TEST,T,,,,,,T,,ark:/13030/c89g5r5c/,,ark:/13030/c89g5r5c/
D-499,skip,,,,,,,T,,ark:/13030/c85q50gg/,,ark:/13030/c85q50gg/
D-500,todo,T,,,,,,,,,,ark:/13030/c8qz2d7j/
D-501,TEST,T,,,,,,T,,ark:/13030/kt367nf017/,,ark:/13030/kt367nf017/
D-502,TEST,T,,,,,,T,,ark:/13030/c8m90bxf/,,ark:/13030/c8m90bxf/
D-503,TEST,T,alma990030700080403126,record,JSON,LD,,T,,ark:/13030/c8c24zn7/,,ark:/13030/c8c24zn7/
D-504,skip,,alma990031144650403126,record,JSON,LD,,T,,ark:/13030/c8g44sh0/,,ark:/13030/c8nv9rh8/
D-505,todo,T,alma990037590710403126,record,JSON,LD,,,,,,ark:/13030/c8br8vgv/
D-506,TEST,T,,,,,,T,,ark:/13030/c8mg7qr4/,,ark:/13030/c8mg7qr4/
D-507,TEST,T,alma990030949070403126,record,JSON,LD,,T,,ark:/13030/kt1p3035k8/,,ark:/13030/kt1p3035k8/
D-508,skip,,alma990030700090403126,record,JSON,LD,,T,,ark:/13030/c8s46v6b/,,ark:/13030/c8s46v6b/
D-509,todo,T,alma990030754250403126,record,JSON,LD,,,,,,ark:/13030/c87083qc/
D-510,TEST,T,alma990031863780403126,record,JSON,LD,,T,,ark:/13030/kt98704070,,ark:/13030/kt98704070/
D-511,TEST,T,alma990031089060403126,record,JSON,LD,,T,,ark:/13030/c81v5h5s/,,ark:/13030/c81v5h5s/
D-512,skip,,alma990037062500403126,record,JSON,LD,,T,,ark:/13030/c8t152cz/,,ark:/13030/c8t152cz/
D-513,todo,T,alma990030945360403126,record,JSON,LD,,,,,,ark:/13030/c8959qc2/
D-514,skip,,alma990031016240403126,record,JSON,LD,,T,,ark:/13030/c8kw5j7d/,,ark:/13030/c85t3ss9/
D-514;733,todo,T,,,,,,,,,,ark:/13030/c85t3ss9/
D-515,TEST,T,alma990033392090403126,record,JSON,LD,,T,,ark:/13030/kt12903596/,,ark:/13030/kt12903596/
D-517,TEST,T,alma990031425530403126,record,JSON,LD,,T,,ark:/13030/c84b3222/,,ark:/13030/c84b3222/
D-518,TEST,T,alma990031474430403126,record,JSON,LD,,T,,ark:/13030/c89s1t9k/,,ark:/13030/c89s1t9k/
D-519,TEST,T,alma990031957710403126,record,JSON,LD,,T,,ark:/13030/c8sf2zcd/,,ark:/13030/c8sf2zcd/
D-520,TEST,T,alma990031957720403126,record,JSON,LD,,T,,ark:/13030/c8pg1txz/,,ark:/13030/c8pg1txz/
D-521,skip,,,,,,,T,,ark:/13030/c81j9d0q/,,ark:/13030/c8251rf5/
D-521;738,todo,T,,,,,,,,,,ark:/13030/c8251rf5/
D-522,TEST,T,alma990031900890403126,record,JSON,LD,,T,,ark:/13030/kt2g5035ms/,,ark:/13030/kt2g5035ms/
D-523,TEST,T,alma990016760400403126,record,JSON,LD,,T,,ark:/13030/kt8n39s1kv/,,ark:/13030/kt8n39s1kv/
D-525,TEST,T,alma990031863790403126,record,JSON,LD,,T,,ark:/13030/kt6j49r9bc/,,ark:/13030/kt6j49r9bc/
D-526,skip,,alma990031957700403126,record,JSON,LD,,T,,ark:/13030/c8zs2zrb/,,ark:/13030/c8xd17zv/
D-526;739,todo,T,,,,,,,,,,ark:/13030/c8xd17zv/
D-528,TEST,T,alma990032226560403126,record,JSON,LD,,T,,ark:/13030/kt3w10370c/,,ark:/13030/kt3w10370c/
D-529,TEST,T,alma990032229550403126,record,JSON,LD,,T,,ark:/13030/c8ws8wgk/,,ark:/13030/c8ws8wgk/
D-530,skip,,alma990032313250403126,record,JSON,LD,,T,,ark:/13030/c8jq1361/,,ark:/13030/c8jq1361/
D-531,todo,T,alma990032313290403126,record,JSON,LD,,,,,,ark:/13030/c8st7s3f/
D-532,TEST,T,alma990032475490403126,record,JSON,LD,,T,,ark:/13030/kt200033m3/,,ark:/13030/kt200033m3/
D-533,TEST,T,alma990036080990403126,record,JSON,LD,,T,,ark:/13030/c8mg7qp7,,ark:/13030/c8mg7qp7/
D-534,TEST,T,alma990032500100403126,record,JSON,LD,,T,,ark:/13030/kt2p3035g1/,,ark:/13030/kt2p3035g1/
D-535,TEST,T,alma990033151620403126,record,JSON,LD,,T,,ark:/13030/kt400035mp/,,ark:/13030/kt400035mp/
D-536,TEST,T,alma990033269460403126,record,JSON,LD,,T,,ark:/13030/c82r3tv0/,,ark:/13030/c82r3tv0/
D-537,TEST,T,alma990033151650403126,record,JSON,LD,,T,,ark:/13030/kt6q2nf6ch/,,ark:/13030/kt6q2nf6ch/
D-538,TEST,T,alma990033269480403126,record,JSON,LD,,T,,ark:/13030/c8p271dv/,,ark:/13030/c8j390tp/
D-539,TEST,T,alma990035840890403126,record,JSON,LD,,T,,ark:/13030/c80k299w/,,ark:/13030/c80k299w/
D-540,TEST,T,alma990033344850403126,record,JSON,LD,,T,,ark:/13030/c84m96q8/,,ark:/13030/c8sn0h7j/
D-541,TEST,T,alma990033344870403126,record,JSON,LD,,T,,ark:/13030/c86d5w79/,,ark:/13030/c86d5w79/
D-542,TEST,T,alma990033344820403126,record,JSON,LD,,T,,ark:/13030/c85h7jfb/,,ark:/13030/c85h7jfb/
D-543,TEST,T,alma990037062530403126,record,JSON,LD,,T,,ark:/13030/c89888cb/,,ark:/13030/c89888cb/
D-544,TEST,T,alma990034135630403126,record,JSON,LD,,T,,ark:/13030/c8sj1jbn/,,ark:/13030/c8sj1jbn/
D-545,TEST,T,alma990033642120403126,record,JSON,LD,,T,,ark:/13030/kt8489s1kk/,,ark:/13030/kt8489s1kk/
D-546,TEST,T,alma990033528290403126,record,JSON,LD,,T,,ark:/13030/kt3c6035zm/,,ark:/13030/kt3c6035zm/
D-547,TEST,T,alma990034486560403126,record,JSON,LD,,T,,ark:/13030/c8qv3ks4/,,ark:/13030/c8qv3ks4/
D-548,TEST,T,alma990034135620403126,record,JSON,LD,,T,,ark:/13030/c8154hns/,,ark:/13030/c8154hns/
D-549,TEST,T,alma990034472210403126,record,JSON,LD,,T,,ark:/13030/c8qf8w3n/,,ark:/13030/c8qf8w3n/
D-550,TEST,T,alma990036842060403126,record,JSON,LD,,T,,ark:/13030/c8z039gb/,,ark:/13030/c8z039gb/
D-551,TEST,T,alma990034473720403126,record,JSON,LD,,T,,ark:/13030/c8s181t6/,,ark:/13030/c8s181t6/
D-552,TEST,T,alma990035737070403126,record,JSON,LD,,T,,ark:/13030/c8hx1f07/,,ark:/13030/c8hx1f07/
D-553,TEST,T,alma990035479000403126,record,JSON,LD,,T,,ark:/13030/c8vt1rfv/,,ark:/13030/c8vt1rfv/
D-554,TEST,T,alma990035913130403126,record,JSON,LD,,T,,ark:/13030/c8cr5xq0/,,ark:/13030/c8cr5xq0/
D-555,TEST,T,alma990035913120403126,record,JSON,LD,,T,,ark:/13030/c88055zh/,,ark:/13030/c88055zh/
D-556,TEST,T,alma990035899790403126,record,JSON,LD,,T,,ark:/13030/c8qr4xwz/,,ark:/13030/c8qr4xwz/
D-557,TEST,T,alma990035832690403126,record,JSON,LD,,T,,ark:/13030/c88916kk/,,ark:/13030/c88916kk/
D-558,TEST,T,alma990037062510403126,record,JSON,LD,,T,,ark:/13030/c8bk1d35/,,ark:/13030/c8bk1d35/
D-559,TEST,T,alma990035806650403126,record,JSON,LD,,T,,ark:/13030/c8m9099z/,,ark:/13030/c8m9099z/
D-560,TEST,T,alma990037196320403126,record,JSON,LD,,T,,ark:/13030/kt4870205h,,ark:/13030/c86t0pv4/
D-561,TEST,T,alma990035832660403126,record,JSON,LD,,T,,ark:/13030/c84j0fvv/,,ark:/13030/c84j0fvv/
D-562,TEST,T,alma990035806660403126,record,JSON,LD,,T,,ark:/13030/c8xk8g85/,,ark:/13030/c8xk8g85/
D-563,TEST,T,alma990037334060403126,record,JSON,LD,,T,,ark:/13030/c89g5q2m/,,ark:/13030/c89g5q2m/
D-564,TEST,T,alma990035899800403126,record,JSON,LD,,T,,ark:/13030/c8m0466s/,,ark:/13030/c8m0466s/
D-565,TEST,T,alma990037197240403126,record,JSON,LD,,T,,ark:/13030/c83b6291/,,ark:/13030/c83b6291/
D-566,TEST,T,alma990036053750403126,record,JSON,LD,,T,,ark:/13030/c8pk0hcq/,,ark:/13030/c8pk0hcq/
D-567,TEST,T,alma990036918740403126,record,JSON,LD,,T,,ark:/13030/c89s1sws/,,ark:/13030/c89s1sws/
D-568,TEST,T,alma990037001270403126,record,JSON,LD,,T,,ark:/13030/c8xd1402/,,ark:/13030/c8xd1402/
D-569,TEST,T,alma990036053740403126,record,JSON,LD,,T,,ark:/13030/c86m382x/,,ark:/13030/c86m382x/
D-570,TEST,T,alma990036649190403126,record,JSON,LD,,T,,ark:/13030/c8dn46d5/,,ark:/13030/c8dn46d5/
D-571,TEST,T,alma990037146510403126,record,JSON,LD,,T,,,,ark:/13030/c88w3hnt/
D-572,TEST,T,alma990037196340403126,record,JSON,LD,,T,,ark:/13030/c8zk5jvs/,,ark:/13030/c8zk5jvs/
D-573,TEST,T,alma990037182490403126,record,JSON,LD,,T,,ark:/13030/c8cn778m/,,ark:/13030/c8cn778m/
D-574,TEST,T,alma990037333890403126,record,JSON,LD,,T,,ark:/13030/tf9290075w,,ark:/13030/c83n25fn/
D-575,TEST,T,alma990039176550403126,record,JSON,LD,,T,,ark:/13030/c82n55pm/,,ark:/13030/c82n55pm/
D-576,TEST,T,alma990036797480403126,record,JSON,LD,,T,,,,ark:/13030/c8rn39wd/
D-577,TEST,T,alma990038520410403126,record,JSON,LD,,T,,ark:/13030/c8251nc1/,,ark:/13030/c8251nc1/
D-578,skip,,alma990037268530403126,record,JSON,LD,,T,,ark:/13030/c8h70j1n/,,ark:/13030/c8h70j1n/
D-579,todo,T,alma990037712000403126,record,JSON,LD,,,,,,ark:/13030/c8154kbk/
D-580,TEST,T,alma990038802660403126,record,JSON,LD,,T,,ark:/13030/c86q22x9/,,ark:/13030/c86q22x9/
D-581,TEST,T,alma990037689400403126,record,JSON,LD,,T,,ark:/13030/c8445psm/,,ark:/13030/c8445psm/
D-582,TEST,T,alma990039176570403126,record,JSON,LD,,T,,ark:/13030/c8xw4p6b/,,ark:/13030/c8xw4p6b/
D-583,TEST,T,alma990038584650403126,record,JSON,LD,,T,,ark:/13030/c84q7zc5/,,ark:/13030/c84q7zc5/
D-584,TEST,T,alma990039176580403126,record,JSON,LD,,T,,ark:/13030/c81v5jbf/,,ark:/13030/c81v5jbf/
D-585,skip,,alma990039176600403126,record,JSON,LD,,T,,ark:/13030/c80z76nt/,,ark:/13030/c80z76nt/
D-586,todo,T,alma990038875390403126,record,JSON,LD,,,,,,ark:/13030/c8d79fmh/
D-587,TEST,T,alma990039176620403126,record,JSON,LD,,T,,,,ark:/13030/c8g73m19/
D-588,TEST,T,alma990038867560403126,record,JSON,LD,,T,,ark:/13030/c8t43xgx/,,ark:/13030/c8t43xgx/
D-589,TEST,T,alma990039176790403126,record,JSON,LD,,T,,,,ark:/13030/c8st7w44/
D-590,TEST,T,alma990039209280403126,record,JSON,LD,,T,,ark:/13030/c81z47tn/,,ark:/13030/c81z47tn/
D-591,TEST,T,alma990039645260403126,record,JSON,LD,,T,,ark:/13030/c86m3cbr/,,ark:/13030/c86m3cbr/
D-592,TEST,T,alma9980951442203126,record,JSON,LD,,T,,ark:/13030/c8b56p4p/,,ark:/13030/c8b56p4p/
D-593,TEST,T,alma990039645100403126,record,JSON,LD,,T,,ark:/13030/c86d5xdz/,,ark:/13030/c86d5xdz/
D-594,TEST,T,alma990039645120403126,record,JSON,LD,,T,,ark:/13030/c82v2mkk/,,ark:/13030/c82v2mkk/
D-595,TEST,T,alma990039645150403126,record,JSON,LD,,T,,ark:/13030/c8zw1rck/,,ark:/13030/c8zw1rck/
D-596,TEST,T,alma990039785150403126,record,JSON,LD,,T,,ark:/13030/c8h136j9/,,ark:/13030/c8h136j9/
D-597,TEST,T,alma990039361800403126,record,JSON,LD,,T,,ark:/13030/c83f4v4k/,,ark:/13030/c83f4v4k/
D-598,TEST,T,alma990039361810403126,record,JSON,LD,,T,,ark:/13030/c8mc94fs/,,ark:/13030/c8mc94fs/
D-599,TEST,T,alma990039809100403126,record,JSON,LD,,T,,ark:/13030/c8q81jkd/,,ark:/13030/c8q81jkd/
D-600,TEST,T,alma9980951651403126,record,JSON,LD,,T,,ark:/13030/c8t15883/,,ark:/13030/c8t15883/
D-601,TEST,T,alma9980963157403126,record,JSON,LD,,T,,ark:/13030/c8028x80/,,ark:/13030/c8028x80/
D-602,TEST,T,alma9980951220803126,record,JSON,LD,,T,,ark:/13030/c8891bjs/,,ark:/13030/c8891bjs/
D-603,TEST,T,alma9980952338703126,record,JSON,LD,,T,,ark:/13030/c8pv6r15/,,ark:/13030/c8pv6r15/
D-604,TEST,T,alma9980951220903126,record,JSON,LD,,T,,ark:/13030/c8bc445t/,,ark:/13030/c8bc445t/
D-605,TEST,T,alma9981057530003126,record,JSON,LD,,T,,ark:/13030/c8ws90d9/,,ark:/13030/c8ws90d9/
D-606,TEST,T,alma9980991648303126,record,JSON,LD,,T,,ark:/13030/c8js9w5t/,,ark:/13030/c8js9w5t/
D-607,TEST,T,alma9981090539903126,record,JSON,LD,,T,,ark:/13030/c8hx1k2s/,,ark:/13030/c8hx1k2s/
D-608,TEST,T,alma9981078656203126,record,JSON,LD,,T,,,,ark:/13030/c8g44wmk/
D-609,TEST,T,alma9980991644003126,record,JSON,LD,,T,,ark:/13030/c8xd16ct/,,ark:/13030/c8xd16ct/
D-610,TEST,T,alma9980996253403126,record,JSON,LD,,T,,ark:/13030/c8qz2h13/,,ark:/13030/c8qz2h13/
D-611,TEST,T,alma9980998947303126,record,JSON,LD,,T,,ark:/13030/c8j38znn/,,ark:/13030/c8j38znn/
D-612,TEST,T,alma9980991643903126,record,JSON,LD,,T,,ark:/13030/c8t43zwq/,,ark:/13030/c8t43zwq/
D-613,TEST,T,alma9981053738703126,record,JSON,LD,,T,,ark:/13030/c8028xpc/,,ark:/13030/c8028xpc/
D-614,TEST,T,alma9981057436403126,record,JSON,LD,,T,,ark:/13030/c8js9wk6/,,ark:/13030/c8js9wk6/
D-615,TEST,T,alma9981051937703126,record,JSON,LD,,T,,ark:/13030/c8sb4bvz/,,ark:/13030/c8sb4bvz/
D-616,TEST,T,alma9980991643803126,record,JSON,LD,,T,,ark:/13030/c870868s/,,ark:/13030/c870868s/
D-617,TEST,T,alma9981064552903126,record,JSON,LD,,T,,ark:/13030/c8sn0g57/,,ark:/13030/c8sn0g57/
D-618,TEST,T,alma9981053738503126,record,JSON,LD,,T,,ark:/13030/c88d02fs/,,ark:/13030/c88d02fs/
D-619,TEST,T,alma9981086336903126,record,JSON,LD,,T,,,,ark:/13030/c8xg9xf4/
D-620,TEST,T,alma9981053644903126,record,JSON,LD,,T,,ark:/13030/c8pc37jq/,,ark:/13030/c8pc37jq/
D-621,TEST,T,alma9981055458103126,record,JSON,LD,,T,,ark:/13030/c8cf9w85/,,ark:/13030/c8cf9w85/
D-622,TEST,T,alma9981078857803126,record,JSON,LD,,T,,ark:/13030/c8mp58kt/,,ark:/13030/c8mp58kt/
D-623,TEST,T,,,,,,T,,ark:/13030/c8dz0fkw/,,ark:/13030/c8dz0fkw/
D-624,TEST,T,alma9981053738303126,record,JSON,LD,,T,,ark:/13030/c8d50t37/,,ark:/13030/c8d50t37/
D-625,TEST,T,alma9981055659103126,record,JSON,LD,,T,,ark:/13030/c84x5dzg/,,ark:/13030/c84x5dzg/
D-626,TEST,T,alma9981057529903126,record,JSON,LD,,T,,,,ark:/13030/c81j9gz3/
D-627,TEST,T,alma9981055559003126,record,JSON,LD,,T,,,,ark:/13030/c83x8csn/
D-628,skip,,alma9981088537803126,record,JSON,LD,,T,,ark:/13030/c88p65xb/,,ark:/13030/c88p65xb/
D-629,skip,,alma9981090735903126,record,JSON,LD,,,,,,ark:/13030/c8794b3s/
D-630,todo,T,alma9981090740603126,record,JSON,LD,,,,,,ark:/13030/c8f1953q/
D-631,skip,,alma9981090740503126,record,JSON,LD,,T,,,,ark:/13030/c8jq16fd/
D-632,skip,,alma9981090735803126,record,JSON,LD,,,,,,ark:/13030/c8v411k2/
D-633,skip,,alma9981107749003126,record,JSON,LD,,,,,,ark:/13030/c8fb58c4/
D-634,todo,T,alma9981136637303126,record,JSON,LD,,,,,,ark:/13030/c8n01d16/
D-635,skip,,alma9981139558003126,record,JSON,LD,,T,,ark:/13030/c8th8t77/,,ark:/13030/c8th8t77/
D-636,skip,,alma9981166152503126,record,JSON,LD,,,,,,ark:/13030/c87h1r7g/
D-637,skip,,alma9981149648803126,record,JSON,LD,,,,,,ark:/13030/c8pc37z3/
D-638,skip,,alma9981189836603126,record,JSON,LD,,,,,,ark:/13030/c8445t73/
D-639,skip,,,,,,,,,,,ark:/13030/c8765n2d/
D-640,todo,T,alma9981175759903126,record,JSON,LD,,,,,,ark:/13030/c8vd754x/
D-641,skip,,alma9981164560203126,record,JSON,LD,,T,,ark:/13030/c8x63tm3/,,ark:/13030/c8x63tm3/
D-642,skip,,alma9981189735503126,record,JSON,LD,,,,,,ark:/13030/c85x2gpw/
D-643,todo,T,,,,,,,,,,ark:/13030/c8rb7bpj/
D-644,skip,,alma9981189836503126,record,JSON,LD,,T,,ark:/13030/c8vm4k01/,,ark:/13030/c8vm4k01/
D-645,skip,,alma9981189735603126,record,JSON,LD,,,,,,ark:/13030/c8251qx1/
D-647,todo,T,alma9981189729603126,record,JSON,LD,,,,,,ark:/13030/c84x5fjh/
D-648,TEST,T,,,,,,T,,ark:/13030/c8ns11qj/,,ark:/13030/c8ns11qj/
D-649,skip,,alma9981278056003126,record,JSON,LD,,T,,ark:/13030/c82n589x/,,ark:/13030/c82n589x/
D-650,todo,T,alma9981304358803126,record,JSON,LD,,,,,,ark:/13030/c8tb1f05/
D-654,TEST,T,alma9981235053403126,record,JSON,LD,,T,,ark:/13030/c81c23sx/,,ark:/13030/c81c23sx/
D-656,TEST,T,alma9981235153403126,record,JSON,LD,,T,,ark:/13030/c8514557/,,ark:/13030/c8514557/
D-657,skip,,alma9981278055703126,record,JSON,LD,,T,,ark:/13030/c8dz0gb5/,,ark:/13030/c8dz0gb5/
D-669,skip,,alma9981295050403126,record,JSON,LD,,,,,,ark:/13030/c88d03bv/
D-678,skip,,alma9981115652803126,record,JSON,LD,,,,,,ark:/13030/c8r216wj/
D-693,skip,,,,,,,,,,,ark:/13030/c86116mn/
D-694,skip,,,,,,,,,,,ark:/13030/c8gx4jt2/
D-701,skip,,alma9981354959103126,record,JSON,LD,,,,,,ark:/13030/c8765nmk/
D-702,skip,,alma9981325660103126,record,JSON,LD,,,,,,ark:/13030/c83f4wx9/
D-703,todo,T,alma9981403860003126,record,JSON,LD,,,,,,ark:/13030/c8zp4ddz/
MC 256,todo,T,,,,,,T,,ark:/13030/c8gm8829/,,
MC001,TEST,T,alma9981090444803126,record,JSON,LD,,T,,ark:/13030/c8jm2f18/,,ark:/13030/c8jm2f18/
MC002,TEST,T,,,,,,T,,,,ark:/13030/c8rf61st/
MC003,TEST,T,,,,,,T,,ark:/13030/kt0g50356z/,,ark:/13030/kt0g50356z/
MC004,TEST,T,,,,,,T,,,,ark:/13030/c8mp592h/
MC005,TEST,T,alma9981191156503126,record,JSON,LD,,T,,,,ark:/13030/c8gx4jbs/
MC006,TEST,T,alma990032208150403126,record,JSON,LD,,T,,ark:/13030/kt7g5037qv/,,ark:/13030/kt7g5037qv/
MC007,TEST,T,alma990029884340403126,record,JSON,LD,,T,,ark:/13030/kt800033vk,,ark:/13030/kt800033vk/
MC008,TEST,T,alma990003327570403126,record,JSON,LD,,T,,,,ark:/13030/c8c53smc/
MC009,TEST,T,alma9981191355703126,record,JSON,LD,,T,,,,ark:/13030/c83n295q/
MC010,TEST,T,alma9981191355403126,record,JSON,LD,,T,,,,ark:/13030/c87d31w1/
MC011,TEST,T,alma9981210150903126,record,JSON,LD,,T,,,,ark:/13030/c8j67pss/
MC012,TEST,T,alma9981210355503126,record,JSON,LD,,T,,,,ark:/13030/c8df6z2g/
MC013,TEST,T,,,,,,T,,ark:/13030/kt587034hc,,ark:/13030/kt587034hc/
MC014,TEST,T,alma9981210447903126,record,JSON,LD,,T,,,,ark:/13030/c88p66d1/
MC015,TEST,T,alma9981210255603126,record,JSON,LD,,T,,,,ark:/13030/c84173x3/
MC016,TEST,T,alma990003165350403126,record,JSON,LD,,T,,,,ark:/13030/c8086c5b/
MC017,TEST,T,alma9981294850403126,record,JSON,LD,,T,,,,ark:/13030/c8959qfz/
MC018,TEST,T,alma9981219955003126,record,JSON,LD,,T,,,,ark:/13030/c8fj2pnm/
MC019,TEST,T,alma990037710150403126,record,JSON,LD,,T,,,,ark:/13030/c88d0362/
MC020,TEST,T,,,,,,T,,ark:/13030/kt4n39r7rn,,ark:/13030/kt4n39r7rn/
MC021,TEST,T,alma9981295051103126,record,JSON,LD,,T,,,,ark:/13030/c8n87hnj/
MC022,TEST,T,alma990030379750403126,record,JSON,LD,,T,,ark:/13030/kt5p30326c/,,ark:/13030/kt5p30326c/
MC023,skip,,alma9981295049503126,record,JSON,LD,,T,,,,ark:/13030/c8n303tf/
MC024,todo,T,alma9981295049403126,record,JSON,LD,,,,,,ark:/13030/c8d50tv3/
MC025,TEST,T,alma990038910700403126,record,JSON,LD,,T,,ark:/13030/c8wm1hsp/,,ark:/13030/c8wm1hsp/
MC026,TEST,T,alma9981294645703126,record,JSON,LD,,T,,,,ark:/13030/c8m90gkm/
MC027,TEST,T,alma9981294951203126,record,JSON,LD,,T,,,,ark:/13030/c86d60v0/
MC028,TEST,T,alma9981294644903126,record,JSON,LD,,T,,,,ark:/13030/c8xd17jg/
MC029,todo,T,,,,,,T,,,,
MC030,todo,T,,,,,,T,,,,
MC031,TEST,T,alma990032208230403126,record,JSON,LD,,T,,ark:/13030/kt200032x8/,,ark:/13030/kt200032x8/
MC032,TEST,T,alma9981219954803126,record,JSON,LD,,T,,,,ark:/13030/c8280fgj/
MC033,todo,T,,,,,,T,,,,
MC034,todo,T,,,,,,T,,,,
MC035,TEST,T,alma9981234946403126,record,JSON,LD,,T,,,,ark:/13030/c8st7wp9/
MC036,TEST,T,alma990038951220403126,record,JSON,LD,,T,,ark:/13030/c87w6gkb/,,ark:/13030/c87w6gkb/
MC037,TEST,T,alma990029818110403126,record,JSON,LD,,T,,ark:/13030/kt1k40302f/,,ark:/13030/kt1k40302f/
MC038,TEST,T,,,,,,T,,,,ark:/13030/c8xg9z15/
MC039,TEST,T,alma9981294644803126,record,JSON,LD,,T,,,,ark:/13030/c8cz3f1j/
MC040,TEST,T,,,,,,T,,,,ark:/13030/c8pv6s78/
MC041,TEST,T,alma990003079830403126,record,JSON,LD,,T,,,,ark:/13030/c8hq460d/
MC042,TEST,T,alma9981296559203126,record,JSON,LD,,T,,,,ark:/13030/c8ws9144/
MC043,todo,T,,,,,,T,,,,
MC044,todo,T,,,,,,T,,,,
MC045,TEST,T,alma9981235146503126,record,JSON,LD,,T,,,,ark:/13030/c8dj5ngs/
MC046,TEST,T,alma9981295952203126,record,JSON,LD,,T,,,,ark:/13030/c8zk5pjd/
MC047,TEST,T,alma990032208210403126,record,JSON,LD,,T,,ark:/13030/kt8s20396b/,,ark:/13030/kt8s20396b/
MC048,todo,T,,,,,,T,,,,
MC049,TEST,T,,,,,,T,,,,ark:/13030/c8ng4xj3/
MC050,TEST,T,alma9981296450603126,record,JSON,LD,,T,,,,ark:/13030/c87d3217/
MC051,todo,T,,,,,,T,,,,
MC052,TEST,T,alma9981296554703126,record,JSON,LD,,T,,,,ark:/13030/c8qv3td3/
MC053,TEST,T,alma9981299152903126,record,JSON,LD,,T,,,,ark:/13030/c8765n66/
MC054,TEST,T,alma9981298151103126,record,JSON,LD,,T,,,,ark:/13030/c83f4wjc/
MC055,TEST,T,alma9981299560103126,record,JSON,LD,,T,,,,ark:/13030/c8st7wqr/
MC056,TEST,T,alma9981299859903126,record,JSON,LD,,T,,,,ark:/13030/c8348s8z/
MC057,TEST,T,alma9981300360603126,record,JSON,LD,,T,,,,ark:/13030/c86m3dpn/
MC058,todo,T,,,,,,T,,,,
MC059,TEST,T,alma9981300060403126,record,JSON,LD,,T,,,,ark:/13030/c8gm8f65/
MC060,TEST,T,alma9981300360503126,record,JSON,LD,,T,,,,ark:/13030/c84f1xmv/
MC061,TEST,T,alma9981304360203126,record,JSON,LD,,T,,,,ark:/13030/c8pk0p19/
MC062,TEST,T,alma9981304360103126,record,JSON,LD,,T,,,,ark:/13030/c8q2465z/
MC063,TEST,T,alma9981304460203126,record,JSON,LD,,T,,,,ark:/13030/c8sb4cm7/
MC064,todo,T,alma990003165320403126,record,JSON,LD,,T,,,,
MC065,TEST,T,alma9981304659703126,record,JSON,LD,,T,,,,ark:/13030/c8hq45s9/
MC066,TEST,T,alma9981310650703126,record,JSON,LD,,T,,,,ark:/13030/c8s188c8/
MC067,TEST,T,alma9981310759503126,record,JSON,LD,,T,,,,ark:/13030/c8gx4jf4/
MC068,TEST,T,alma9981310852503126,record,JSON,LD,,T,,,,ark:/13030/c8v98g06/
MC069,todo,T,,,,,,T,,,,
MC070,TEST,T,alma9981356560703126,record,JSON,LD,,T,,,,ark:/13030/c8gq74mg/
MC071,todo,T,,,,,,T,,,,
MC072,TEST,T,alma9981219955203126,record,JSON,LD,,T,,,,ark:/13030/c8k93ff7/
MC073,TEST,T,,,,,,T,,ark:/13030/kt209nc61m,,ark:/13030/kt209nc61m/
MC074,TEST,T,alma9981355960503126,record,JSON,LD,,T,,,,ark:/13030/c8kd24sn/
MC075,TEST,T,alma9981355960403126,record,JSON,LD,,T,,,,ark:/13030/c8v4122r/
MC076,todo,T,,,,,,T,,,,
MC077,todo,T,,,,,,T,,,,
MC078,TEST,T,alma9981356260403126,record,JSON,LD,,T,,,,ark:/13030/c8736xtx/
MC079,TEST,T,alma9981356260303126,record,JSON,LD,,T,,,,ark:/13030/c83n2982/
MC080,todo,T,,,,,,T,,,,
MC082,TEST,T,alma990003165270403126,record,JSON,LD,,T,,ark:/13030/c8th8nzk/,,ark:/13030/c8th8nzk/
MC083,todo,T,,,,,,T,,,,
MC084,todo,T,,,,,,T,,,,
MC085,TEST,T,alma990029818140403126,record,JSON,LD,,T,,ark:/13030/kt2s2031bp/,,ark:/13030/kt2s2031bp/
MC086,todo,T,,,,,,T,,,,
MC087,TEST,T,alma990029897560403126,record,JSON,LD,,T,,ark:/13030/kt8779r97g,,ark:/13030/kt8779r97g/
MC088,todo,T,,,,,,T,,,,
MC089,todo,T,,,,,,T,,,,
MC090,TEST,T,,,,,,T,,ark:/13030/kt0r29r4k1,,ark:/13030/kt0r29r4k1/
MC091,TEST,T,,,,,,T,,,,ark:/13030/c8tt4xtp/
MC092,TEST,T,,,,,,T,,,,ark:/13030/c8xk8nd1/
MC093,skip,,,,,,,T,,,,
MC094,todo,T,alma9981090350503126,record,JSON,LD,,,,,,ark:/13030/c8pc35rk/
MC095,TEST,T,,,,,,T,,ark:/13030/kt6779r6p4,,ark:/13030/kt6779r6p4/
MC096,TEST,T,,,,,,T,,,,ark:/13030/c81j9hpx/
MC097,TEST,T,,,,,,T,,,,ark:/13030/c8fb58tz/
MC098,todo,T,,,,,,T,,,,
MC099,TEST,T,,,,,,T,,,,ark:/13030/c8tb1ds2/
MC100,TEST,T,alma990038910710403126,record,JSON,LD,,T,,ark:/13030/c8445qvx/,,ark:/13030/c8445qvx/
MC101,TEST,T,,,,,,T,,,,ark:/13030/c8wm1m9n/
MC102,todo,T,,,,,,T,,,,
MC104,todo,T,,,,,,T,,,,
MC105,TEST,T,alma990036443530403126,record,JSON,LD,,T,,ark:/13030/c8np25r0/,,ark:/13030/c8np25r0/
MC106,TEST,T,,,,,,T,,,,ark:/13030/c8183dd2/
MC107,TEST,T,alma990030379620403126,record,JSON,LD,,T,,ark:/13030/kt68703482,,ark:/13030/kt68703482/
MC108,TEST,T,,,,,,T,,,,ark:/13030/c8rb7bgv/
MC109,TEST,T,,,,,,T,,,,ark:/13030/c851453b/
MC110,todo,T,,,,,,T,,,,
MC111,TEST,T,alma9981235146703126,record,JSON,LD,,T,,,,ark:/13030/c8p27504/
MC112,TEST,T,,,,,,T,,,,ark:/13030/c83t9q35/
MC113,TEST,T,,,,,,T,,,,ark:/13030/c8bv7pjb/
MC114,TEST,T,,,,,,T,,,,ark:/13030/c85m6cm5/
MC115,todo,T,,,,,,T,,,,
MC116,TEST,T,,,,,,T,,,,ark:/13030/c8hh6rz8/
MC117,TEST,T,,,,,,T,,,,ark:/13030/c8445tbf/
MC118,TEST,T,,,,,,T,,,,ark:/13030/c8vm4k58/
MC119,TEST,T,,,,,,T,,,,ark:/13030/c89p37hz/
MC120,todo,T,,,,,,T,,,,
MC121,todo,T,,,,,,T,,,,
MC122,TEST,T,,,,,,T,,,,ark:/13030/c8kp881g/
MC123,TEST,T,,,,,,T,,,,ark:/13030/c87h1rgm/
MC124,TEST,T,alma990003008530403126,record,JSON,LD,,T,,ark:/13030/kt438nf5nm/,,ark:/13030/kt438nf5nm/
MC126,TEST,T,,,,,,T,,ark:/13030/kt6c6035jb,,ark:/13030/kt6c6035jb/
MC127,TEST,T,,,,,,T,,,,ark:/13030/c8dz0g6c/
MC128,TEST,T,,,,,,T,,,,ark:/13030/c8p55vd2/
MC129,todo,T,,,,,,T,,,,
MC130,TEST,T,alma990033411420403126,record,JSON,LD,,T,,ark:/13030/kt5j49s3gp/,,ark:/13030/kt5j49s3gp/
MC132,TEST,T,,,,,,T,,,,ark:/13030/c89c749f/
MC133,TEST,T,,,,,,T,,,,ark:/13030/c8rv0vmc/
MC134,TEST,T,,,,,,T,,,,ark:/13030/c8fn1d47/
MC135,TEST,T,,,,,,T,,,,ark:/13030/c8f195mf/
MC136,TEST,T,,,,,,T,,,,ark:/13030/c85x2gtp/
MC137,skip,,alma990038951250403126,record,JSON,LD,,T,,ark:/13030/c80c5040/,,ark:/13030/c80c5040/
MC138,todo,T,alma9980952258503126,record,JSON,LD,,,,,,ark:/13030/c86h4p27/
MC139,TEST,T,,,,,,T,,,,ark:/13030/c85b08cr/
MC140,TEST,T,,,,,,T,,,,ark:/13030/c82n584p/
MC142,TEST,T,,,,,,T,,,,ark:/13030/c8xw4rn0/
MC143,TEST,T,,,,,,T,,,,ark:/13030/c8bz6cwr/
MC144,TEST,T,,,,,,T,,,,ark:/13030/c84m9bgs/
MC145,TEST,T,alma990034486550403126,record,JSON,LD,,T,,ark:/13030/c86w99dv/,,ark:/13030/c86w99dv/
MC146,TEST,T,,,,,,T,,,,ark:/13030/c8s75p6x/
MC147,TEST,T,,,,,,T,,,,ark:/13030/c8zc88sn/
MC148,TEST,T,,,,,,T,,,,ark:/13030/c8cj8mbd/
MC149,TEST,T,,,,,,T,,,,ark:/13030/c8cv4qmt/
MC150,TEST,T,,,,,,T,,,,ark:/13030/c8ks6zfd/
MC151,TEST,T,,,,,,T,,ark:/13030/kt487033m4,,ark:/13030/kt487033m4/
MC152,TEST,T,,,,,,T,,ark:/13030/kt838nf0t1,,ark:/13030/kt838nf0t1/
MC154,TEST,T,,,,,,T,,ark:/13030/kt0m3nd5k5,,ark:/13030/kt0m3nd5k5/
MC155,TEST,T,,,,,,T,,,,ark:/13030/c8028zfn/
MC156,TEST,T,,,,,,T,,,,ark:/13030/c8mg7wc8/
MC157,todo,T,alma990030494290403126,record,JSON,LD,,T,,,,
MC159,TEST,T,,,,,,T,,,,ark:/13030/c80c52nj/
MC160,TEST,T,,,,,,T,,,,ark:/13030/c8w3836k/
MC161,TEST,T,,,,,,T,,,,ark:/13030/c8b56rms/
MC162,TEST,T,,,,,,T,,,,ark:/13030/c8mk6ksk/
MC163,todo,T,,,,,,T,,,,
MC164,TEST,T,,,,,,T,,,,ark:/13030/c8z325kp/
MC165,TEST,T,,,,,,T,,,,ark:/13030/c8ww7qkh/
MC166,TEST,T,,,,,,T,,,,ark:/13030/c8251r27/
MC167,TEST,T,,,,,,T,,,,ark:/13030/c8pg1zmk/
MC168,TEST,T,,,,,,T,,,,ark:/13030/c8r78n30/
MC169,TEST,T,,,,,,T,,,,ark:/13030/c8k361h7/
MC170,TEST,T,,,,,,T,,ark:/13030/kt2n39r6x4,,ark:/13030/kt2n39r6x4/
MC171,TEST,T,,,,,,T,,,,ark:/13030/c8r2178w/
MC172,TEST,T,,,,,,T,,,,ark:/13030/c8zs33dw/
MC173,TEST,T,,,,,,T,,,,ark:/13030/c8nk3mwh/
MC174,TEST,T,,,,,,T,,,,ark:/13030/c8639wmn/
MC175,TEST,T,,,,,,T,,,,ark:/13030/c80k2gg6/
MC176,TEST,T,,,,,,T,,,,ark:/13030/c8862p94/
MC177,TEST,T,,,,,,T,,,,ark:/13030/c8qj7q6k/
MC178,TEST,T,,,,,,T,,,,ark:/13030/c8m332nm/
MC179,TEST,T,,,,,,T,,,,ark:/13030/c8zw1ssc/
MC180,TEST,T,,,,,,T,,,,ark:/13030/c81v5mv0/
MC182,TEST,T,,,,,,T,,,,ark:/13030/c8vt2009/
MC183,TEST,T,,,,,,T,,,,ark:/13030/c82b94w9/
MC184,TEST,T,,,,,,T,,,,ark:/13030/c8h99c24/
MC185,TEST,T,,,,,,T,,,,ark:/13030/c81n8709/
MC186,TEST,T,,,,,,T,,,,ark:/13030/c8c53sr5/
MC187,TEST,T,,,,,,T,,,,ark:/13030/c80v8kp5/
MC188,TEST,T,,,,,,T,,,,ark:/13030/c89w0ndh/
MC190,TEST,T,,,,,,T,,,,ark:/13030/c87s7vn4/
MC191,TEST,T,,,,,,T,,,,ark:/13030/c85d8zq7/
MC192,TEST,T,,,,,,T,,,,ark:/13030/c8ht2w73/
MC193,TEST,T,,,,,,T,,,,ark:/13030/c8w09csv/
MC194,TEST,T,alma990032208260403126,record,JSON,LD,,T,,ark:/13030/kt609nf5xq/,,ark:/13030/kt609nf5xq/
MC195,TEST,T,,,,,,T,,,,ark:/13030/c8j96d7z/
MC196,TEST,T,,,,,,T,,,,ark:/13030/c82v2p17/
MC197,TEST,T,,,,,,T,,,,ark:/13030/c8g166qc/
MC198,TEST,T,,,,,,T,,,,ark:/13030/c8fx7hcn/
MC199,TEST,T,,,,,,T,,,,ark:/13030/c8x354bz/
MC200,TEST,T,,,,,,T,,ark:/13030/kt8v19q7v9,,ark:/13030/kt8v19q7v9/
MC201,TEST,T,alma990030759920403126,record,JSON,LD,,T,,ark:/13030/kt5b69r85p,,ark:/13030/kt5b69r85p/
MC203,TEST,T,alma9981055558903126,record,JSON,LD,,T,,ark:/13030/c8df6xc3/,,ark:/13030/c8df6xc3/
MC204,TEST,T,,,,,,T,,,,ark:/13030/c84b377c/
MC205,TEST,T,,,,,,T,,,,ark:/13030/c86w9hx2/
MC206,TEST,T,alma9981219954903126,record,JSON,LD,,T,,,,ark:/13030/c89s1xwf/
MC207,TEST,T,,,,,,T,,,,ark:/13030/c83b6613/
MC208,TEST,T,,,,,,T,,,,ark:/13030/c8tm7j0f/
MC209,TEST,T,alma9981235145703126,record,JSON,LD,,T,,,,ark:/13030/c88s4wr2/
MC211,TEST,T,,,,,,T,,,,ark:/13030/c8jq16xp/
MC212,TEST,T,alma990033432080403126,record,JSON,LD,,T,,ark:/13030/kt9x0nf6qx/,,ark:/13030/kt9x0nf6qx/
MC213,TEST,T,,,,,,T,,,,ark:/13030/c8b85g2z/
MC214,TEST,T,,,,,,T,,,,ark:/13030/c8833zz9/
MC215,TEST,T,,,,,,T,,,,ark:/13030/c8js9x91/
MC216,TEST,T,,,,,,T,,,,ark:/13030/c8t440zd/
MC217,skip,,alma990037333870403126,record,JSON,LD,,T,,,,ark:/13030/c8319z34/
MC222,todo,T,alma990034065500403126,record,JSON,LD,,,,,,ark:/13030/c8j109fc/
MC236,todo,T,alma990033278730403126,record,JSON,LD,,T,,,,
MC237,TEST,T,alma990033278740403126,record,JSON,LD,,T,,,,ark:/13030/c8g73gzr/
MC240,TEST,T,alma9981105060103126,record,JSON,LD,,T,,,,ark:/13030/c8cj8kw5/
MC245,todo,T,alma990035737060403126,record,JSON,LD,,T,,,,
MC246,TEST,T,alma990037071420403126,record,JSON,LD,,T,,ark:/13030/c8nv9h0n/,,ark:/13030/c8nv9h0n/
MC247,TEST,T,alma990035691360403126,record,JSON,LD,,T,,ark:/13030/c85x29hk/,,ark:/13030/c85x29hk/
MC248,TEST,T,alma990035806700403126,record,JSON,LD,,T,,ark:/13030/c8qc0448/,,ark:/13030/c8qc0448/
MC249,TEST,T,alma990035837490403126,record,JSON,LD,,T,,ark:/13030/c8vt1svn/,,ark:/13030/c8vt1svn/
MC250,TEST,T,alma990035808650403126,record,JSON,LD,,T,,ark:/13030/c8542p7m/,,ark:/13030/c8542p7m/
MC251,TEST,T,alma990035808660403126,record,JSON,LD,,T,,ark:/13030/c81c1xjb/,,ark:/13030/c81c1xjb/
MC252,TEST,T,alma990035808680403126,record,JSON,LD,,T,,ark:/13030/c8wq04f9/,,ark:/13030/c8wq04f9/
MC253,TEST,T,alma990035808560403126,record,JSON,LD,,T,,ark:/13030/c8rx9crg/,,ark:/13030/c8rx9crg/
MC254,TEST,T,alma990035837500403126,record,JSON,LD,,T,,ark:/13030/c8r49rhz/,,ark:/13030/c8r49rhz/
MC255,skip,,alma990035837510403126,record,JSON,LD,,T,,ark:/13030/c8mc90sm/,,ark:/13030/c8mc90sm/
MC256,todo,T,alma990035837730403126,record,JSON,LD,,,,,,ark:/13030/c8gm8829/
MC257,TEST,T,alma990035837740403126,record,JSON,LD,,T,,ark:/13030/c8bv7hc1/,,ark:/13030/c8bv7hc1/
MC260,TEST,T,alma990036053720403126,record,JSON,LD,,T,,ark:/13030/c8g44rg4/,,ark:/13030/c8g44rg4/
MC261,skip,,alma990036053730403126,record,JSON,LD,,T,,ark:/13030/c8bc40rs/,,ark:/13030/c8bc40rs/
MC262,todo,T,alma9981195231203126,record,JSON,LD,,,,,,ark:/13030/c8kp87z5/
MC263,todo,T,alma990036730020403126,record,JSON,LD,,T,,,,
MC264,TEST,T,alma990039361820403126,record,JSON,LD,,T,,ark:/13030/c8hm5dww/,,ark:/13030/c8hm5dww/
MC265,TEST,T,alma990038880030403126,record,JSON,LD,,T,,,,ark:/13030/c8q245dp/
MC266,skip,,alma990039361830403126,record,JSON,LD,,T,,ark:/13030/c8bv7n2n/,,ark:/13030/c8bv7n2n/
MC267,todo,T,alma9981088247203126,record,JSON,LD,,,,,,ark:/13030/c8mw2nk9/
MC268,skip,,alma990039645180403126,record,JSON,LD,,T,,ark:/13030/c8w381rx/,,ark:/13030/c8w381rx/
MC269,skip,,alma9981090350203126,record,JSON,LD,,,,,,ark:/13030/c8ff3xvj/
MC270,todo,T,alma9981090444703126,record,JSON,LD,,,,,,ark:/13030/c89p3652/
MC271,skip,,alma9981090555203126,record,JSON,LD,,T,,ark:/13030/c8ms3z8b/,,ark:/13030/c8ms3z8b/
MC272,skip,,alma9981090453403126,record,JSON,LD,,,,,,ark:/13030/c8cf9vm7/
MC273,todo,T,alma9981090555103126,record,JSON,LD,,,,,,ark:/13030/c8n01c1s/
MC274,TEST,T,alma9981107751503126,record,JSON,LD,,T,,,,ark:/13030/c8kh0trr/
MC275,skip,,alma990040167510403126,record,JSON,LD,,T,,ark:/13030/c8vq3784/,,ark:/13030/c8vq3784/
MC276,todo,T,alma9980952135203126,record,JSON,LD,,,,,,ark:/13030/c8930ztp/
MC277,skip,,alma9980952234603126,record,JSON,LD,,T,,ark:/13030/c85b0746/,,ark:/13030/c85b0746/
MC278,todo,T,alma9980952358203126,record,JSON,LD,,,,,,ark:/13030/c8x06cpp/
MC279,TEST,T,alma9981105060003126,record,JSON,LD,,T,,,,ark:/13030/c8rv0v5j/
MC280,TEST,T,alma9981105159403126,record,JSON,LD,,T,,,,ark:/13030/c8h99bmw/
MC281,todo,T,alma9981105159503126,record,JSON,LD,,T,,,,ark:/13030/c8n303cm/
MC281 ,todo,T,,,,,,T,,,,
MC283,skip,,alma9981090326203126,record,JSON,LD,,T,,,,ark:/13030/c8p274jw/
MC285,skip,,alma9981115359003126,record,JSON,LD,,,,,,ark:/13030/c8x06dhv/
MC286,skip,,alma9981115554703126,record,JSON,LD,,,,,,ark:/13030/c83j3kgd/
MC287,todo,T,alma9981115550703126,record,JSON,LD,,,,,,ark:/13030/c8q52w25/
MC288,TEST,T,alma9981112049803126,record,JSON,LD,,T,,ark:/13030/c8wd4615/,,ark:/13030/c8wd4615/
MC289,skip,,alma9981112049303126,record,JSON,LD,,T,,ark:/13030/c8cf9wjr/,,ark:/13030/c8cf9wjr/
MC290,skip,,alma9981115659603126,record,JSON,LD,,,,,,ark:/13030/c8ng4x4q/
MC291,skip,,alma9981115358003126,record,JSON,LD,,,,,,ark:/13030/c8862nxs/
MC292,skip,,alma9981138856503126,record,JSON,LD,,,,,,ark:/13030/c8f76k25/
MC293,skip,,alma9981138754803126,record,JSON,LD,,,,,,ark:/13030/c8pr82hw/
MC294,skip,,alma9981204454203126,record,JSON,LD,,,,,,ark:/13030/c8cf9wxp/
MC295,skip,,alma9981193254103126,record,JSON,LD,,,,,,ark:/13030/c8xg9xwz/
MC296,skip,,alma9981192956903126,record,JSON,LD,,,,,,ark:/13030/c8z89kf7/
MC297,skip,,alma9981198759903126,record,JSON,LD,,,,,,ark:/13030/c8794bqv/
MC299,skip,,alma9981367557903126,record,JSON,LD,,,,,,ark:/13030/c8d79jpn/
MC300,skip,,alma9981307750403126,record,JSON,LD,,,,,,ark:/13030/c88g8szx/
MC301,skip,,alma9981310753903126,record,JSON,LD,,,,,,ark:/13030/c8nk3n8v/
MC302,skip,,alma9981313756503126,record,JSON,LD,,,,,,ark:/13030/c8ht2wkk/
MC303,skip,,alma9981389159803126,record,JSON,LD,,,,,,ark:/13030/c8fr03vk/
MC304,skip,,alma9981389559603126,record,JSON,LD,,,,,,ark:/13030/c89z9c4q/
MC305,skip,,alma9981346142703126,record,JSON,LD,,,,,,ark:/13030/c8668mfr/
MC306,skip,,alma9981303359203126,record,JSON,LD,,,,,,ark:/13030/c82f7vpk/
MC307,skip,,alma9981346142603126,record,JSON,LD,,,,,,ark:/13030/c8xp7c6p/
MC308,skip,,alma9981192160503126,record,JSON,LD,,,,,,ark:/13030/c8gx4jsm/
MC309,skip,,alma9981390259103126,record,JSON,LD,,,,,,ark:/13030/c8t159wk/
MC310,skip,,alma9981384257703126,record,JSON,LD,,,,,,ark:/13030/c8ws91gm/
MC311,skip,,alma9981367557803126,record,JSON,LD,,,,,,ark:/13030/c8s188r6/
MC312,skip,,alma9981392760403126,record,JSON,LD,,,,,,ark:/13030/c8251rdq/
MC313,skip,,alma9981392445903126,record,JSON,LD,,,,,,ark:/13030/c8xd17xd/
MC314,skip,,alma9981392442403126,record,JSON,LD,,,,,,ark:/13030/c8sq96n9/
MC315,skip,,alma9981392442003126,record,JSON,LD,,,,,,
MC316,skip,,alma9981420556403126,record,JSON,LD,,,,,,ark:/13030/c8rr25hg/
MC317,skip,,alma9981420556303126,record,JSON,LD,,,,,,ark:/13030/c8n01ds2/
MC318,skip,,alma9981443000003126,record,JSON,LD,,,,,,ark:/13030/c8h70p2r/
MC320,skip,,alma9981444657503126,record,JSON,LD,,,,,,ark:/13030/c8086cj8/
MC321,skip,,alma9981443246803126,record,JSON,LD,,,,,,ark:/13030/c8vh5w3f/
MC322,skip,,alma9981464658103126,record,JSON,LD,,,,,,ark:/13030/c8v12c38/
MC323,skip,,alma9981466257103126,record,JSON,LD,,,,,,ark:/13030/c8q81mcj/
MC324,skip,,alma9981483752303126,record,JSON,LD,,,,,,ark:/13030/c8kh0vmc/
MC325,skip,,alma9981484059303126,record,JSON,LD,,,,,,ark:/13030/c8fr03w1/
MC327,skip,,alma991001276662803126,record,JSON,LD,,,,,,ark:/13030/c88k7hd3/
MC328,skip,,,,,,,,,,,ark:/13030/c87p95rx/
MC329,skip,,alma9981466258503126,record,JSON,LD,,,,,,ark:/13030/c83x8f05/
MC330,skip,,alma9981466258403126,record,JSON,LD,,,,,,ark:/13030/c8057p8r/
MC331,skip,,alma9981318455703126,record,JSON,LD,,,,,,ark:/13030/c8bg2wbf/
MC332,skip,,alma9981457359803126,record,JSON,LD,,,,,,ark:/13030/c86q24kn/
MC333,skip,,,,,,,,,,,ark:/13030/c82z1cvx/
MC334,skip,,alma9981470859803126,record,JSON,LD,,,,,,ark:/13030/c8z60wcz/
O-001,todo,T,alma9981471660703126,record,JSON,LD,,,,,,ark:/13030/c8bv7pwt/
O-002,skip,,alma990003327400403126,record,JSON,LD,,T,,ark:/13030/kt7c6042f3/,,ark:/13030/kt7c6042f3/
O-004,todo,T,alma990003327450403126,record,JSON,LD,,,,,,ark:/13030/c8g44wqx/
O-005,TEST,T,alma990003327560403126,record,JSON,LD,,T,,ark:/13030/c8ww7p9h/,,ark:/13030/c8ww7p9h/
O-009,TEST,T,alma990006846650403126,record,JSON,LD,,T,,ark:/13030/kt3t1nf387/,,ark:/13030/kt3t1nf387/
O-011,TEST,T,,,,,,T,,ark:/13030/kt2q2nd83n,,ark:/13030/kt2q2nd83n/
O-012,TEST,T,,,,,,T,,ark:/13030/c8794651/,,ark:/13030/c8794651/
O-013,todo,T,,,,,,T,,,,
O-014,TEST,T,alma990033860720403126,record,JSON,LD,,T,,ark:/13030/c8xd164p/,,ark:/13030/c8xd164p/
O-016,TEST,T,,,,,,T,,,,ark:/13030/c8s46xqw/
O-017,todo,T,,,,,,T,,,,
O-018,TEST,T,,,,,,T,,,,ark:/13030/c8b2810r/
O-019,todo,T,,,,,,T,,,,
O-020,TEST,T,alma990003079820403126,record,JSON,LD,,T,,ark:/13030/c8kw5ngs/,,ark:/13030/c8kw5ngs/
O-021,todo,T,,,,,,T,,,,
O-023,todo,T,,,,,,T,,,,
O-024,todo,T,alma990005348040403126,record,JSON,LD,,T,,,,
O-025,todo,T,alma990005348050403126,record,JSON,LD,,T,,,,
O-027,todo,T,,,,,,T,,,,
O-028,todo,T,,,,,,T,,,,
O-030,todo,T,alma990003327440403126,record,JSON,LD,,T,,,,
O-032,todo,T,,,,,,T,,,,
O-033,todo,T,,,,,,T,,,,
O-035,todo,T,,,,,,T,,,,
O-036,TEST,T,alma9981072555203126,record,JSON,LD,,T,,,,ark:/13030/c8vm4jjs/
O-037,todo,T,,,,,,T,,,,
O-038,TEST,T,alma990004779550403126,record,JSON,LD,,T,,ark:/13030/c8p849ms/,,ark:/13030/c8p849ms/
O-040,todo,T,alma990003327410403126,record,JSON,LD,,T,,,,
O-041,TEST,T,,,,,,T,,,,ark:/13030/c8qj7pgr/
O-042,skip,,alma990037436310403126,record,JSON,LD,,T,,ark:/13030/c8902610/,,ark:/13030/c8902610/
P-200,skip,,,,,,,,,,,