,ark,language of material,contributing institution,title,creator,call_number,physical description,date (inclusive),date (bulk),abstract,physical location,dates,creator/collector,extent,date,photographer,collector,material specific details,source,author,language,phyiscal location,repository,record series,origination,shelf location,original,series,id,date_gmt,modified,modified_gmt,slug,status,type,link,featured_media,template,tags,guid.rendered,title.rendered,acf.ucdlib_manuscript_biog,acf.ucdlib_manuscript_descrip,acf.ucdlib_manuscript_call_num,acf.ucdlib_manuscript_date,acf.ucdlib_manuscript_extent_num,acf.ucdlib_manuscript_extent_type,acf.ucdlib_manuscript_url,acf.ucdlib_manuscript_moreinfo_name,acf.ucdlib_manuscript_moreinfo_url,acf.ucdlib_manuscript_moreinfo2_name,acf.ucdlib_manuscript_moreinfo2_url,acf.ucdlib_manuscript_photo_cat,_links.self,_links.collection,_links.about,_links.wp:attachment,_links.wp:term,_links.curies,_links.wp:featuredmedia,acf.ucdlib_uacollections_description,acf.ucdlib_uacollections_history,acf.ucdlib_uacollections_call_num,acf.ucdlib_uacollections_extent_num,acf.ucdlib_uacollections_extent_type,acf.ucdlib_uacollections_date,acf.ucdlib_uacollections_subject,acf.ucdlib_uacollections_moreinfo_url,acf.ucdlib_uacollections_moreinfo_name
4,ark:/13030/c80007w2/,English,,California Historical Quarterly Printing Blocks Collection,,D-160,,,,Printing blocks used in the production of issues of California Historical Quarterly.,,circa 1930-circa 1945,California Historical Society.,9.4 linear feet,,,,,,,,,,,,,,,,,,,,,,,,,,,,,,,,,,,,,,,,,,,,,,,,,,,,,,,
11,ark:/13030/c8057ng1/,English,"University of California, Davis Library, University Archives",University of California Office of the President Records,University of California (System). Office of the President,AR-220,8 linear feet,1883-1991,,Biography/Bibliography and other forms submitted to the University of California Office of the President.,"Researchers should contact Archives and Special Collections to request collections, as many are stored offsite.",,,,,,,,,,,,,,,,,,,,,,,,,,,,,,,,,,,,,,,,,,,,,,,,,,,,,,,,,,
12,ark:/13030/c8057p22/,English,"University of California, Davis Library, University Archives",University of California Records,University of California (System),AR-102,9 linear feet,1940s-1971,,"Reports, surveys, minutes, and correspondence related to the University of California system and the University of California, Berkeley Agricultural Experiment Station.","Researchers should contact Archives and Special Collections to request collections, as many are stored offsite.",,,,,,,,,,,,,,,,,,,,,,,,,,,,,,,,,,,,,,,,,,,,,,,,,,,,,,,,,,
13,ark:/13030/c8086bd2/,English,"University of California, Davis General Library, University Archives",UC Davis Yearbooks,"University of California, Davis. Library. Dept. of Special Collections",AR-096,25 linear feet,1911-2006,,,"Researchers should contact Special Collections to request collections, as many are stored offsite.",,,,,,,,,,,,,,,,,,,,,,,,,,,,,,,,,,,,,,,,,,,,,,,,,,,,,,,,,,
21,ark:/13030/c80g3scx/,English,"University of California, Davis Library, University Archives",Department of Chicana/o Studies Records,"University of California, Davis. Chicano Studies Program",AR-215,18.1 linear feet,1968-2002,,"Correspondence, minutes, course plans, course materials, commitee reports, department history, and other materials related to the history and operation of the UC Davis Chicana/o Studies Department.","Researchers should contact Archives and Special Collections to request collections, as many are stored offsite.",,,,,,,,,,,,,,,,,,,,,,,,,,,,,,,,,,,,,,,,,,,,,,,,,,,,,,,,,,
29,ark:/13030/c80r9vwh/,English,"University of California, Davis Library, University Archives",Campus Recreation Records,"University of California, Davis. Department of Campus Recreation",AR-008,4.4 linear feet,1973-2002,,"Materials from the construction and opening of the Recreation Hall (now Activities and Recreation Center) and photographs of various Campus Recreation programs including: Outdoor Adventures, the Craft Center, and Equestrian Center.","Researchers should contact Archives and Special Collections to request collections, as many are stored offsite.",,,,,,,,,,,,,,,,,,,,,,,,,,,,,,,,,,,,,,,,,,,,,,,,,,,,,,,,,,
33,ark:/13030/c80v8kzr/,English,"University of California, Davis Library, University Archives",University of California Cooperative Extension Service Records,University of California (System). Cooperative Extension,AR-103,9.4 linear feet,1918-1995,,"Subject files, reports, correspondence, and publications of the University of California Cooperative Extension Service.","Researchers should contact Archives and Special Collections to request collections, as many are stored offsite.",,,,,,,,,,,,,,,,,,,,,,,,,,,,,,,,,,,,,,,,,,,,,,,,,,,,,,,,,,
38,ark:/13030/c8154kbk/,English,,Mississippi Freedom Summer Project Collection,,D-579,,,,"Collection includes newsletters, memoranda, clippings, and press releases related to the Mississippi Freedom Summer Project.",,1963-1970,"Hargreaves, Robert",0.4 linear feet,,,,,,,,,,,,,,,,,,,,,,,,,,,,,,,,,,,,,,,,,,,,,,,,,,,,,,,
41,ark:/13030/c8154pt3/,English,"University of California, Davis General Library, University Archives",California Aggie Photographs,"University of California, Davis. Associated Students",AR-200,6 linear feet,circa 1985-2007,,,"Researchers should contact Special Collections to request collections, as many are stored offsite.",,,,,,,,,,,,,,,,,,,,,,,,,,,,,,,,,,,,,,,,,,,,,,,,,,,,,,,,,,
42,ark:/13030/c8154q7w/,English,"University of California, Davis Library, University Archives",Reprographics Records,"University of California, Davis. Reprographics",AR-045,2 linear feet,1975-1985,,"Programs, announcements, and brochures for campus events such as entertainment, lectures, and ceremonies.","Researchers should contact Archives and Special Collections to request collections, as many are stored offsite.",,,,,,,,,,,,,,,,,,,,,,,,,,,,,,,,,,,,,,,,,,,,,,,,,,,,,,,,,,
51,ark:/13030/c81g0sqk/,English,"University of California, Davis Library, University Archives","University of California, Davis Department of Nematology Records","University of California, Davis. Department of Nematology",AR-057,4.2 linear feet,1931-2002,,"Surveys, work reports, publications, reprints, photographs, and slides.","Researchers should contact Archives and Special Collections to request collections, as many are stored offsite.",,,,,,,,,,,,,,,,,,,,,,,,,,,,,,,,,,,,,,,,,,,,,,,,,,,,,,,,,,
56,ark:/13030/c81r6sr2/,English,"University of California, Davis Library, Dept. of Special Collections","Victor Herbert Fazio, Jr. Papers","Fazio, Victor H. (Victor Herbert), 1942-",D-265;336,354.6 linear feet,1978-1999,,"Office files, correspondence, photographs, awards, and memorabilia relating to U.S. Representative Victor H. (Vic) Fazio&#39;s more than 20 years in public life. Files on Auburn Dam and closure of McClellan Air Force Base, briefing books on policy decisions, proposals for Sacramento Valley water and flood issues, and details on the evolution of food quality acts are included in the collection.","Researchers should contact Archives and Special Collections to request collections, as many are stored offsite.",,,,,,,,,,,,,,,,,,,,,,,,,,,,,,,,,,,,,,,,,,,,,,,,,,,,,,,,,,
65,ark:/13030/c822319d/,English,"University of California, Davis Library, University Archives","University of California, Davis Department of Environmental Science and Policy Records","University of California, Davis. Department of Environmental Science and Policy",AR-171,11 linear feet,1969-1999,,"Committee reports, grant information, publications, and department theses and dissertations.","Researchers should contact Archives and Special Collections to request collections, as many are stored offsite.",,,,,,,,,,,,,,,,,,,,,,,,,,,,,,,,,,,,,,,,,,,,,,,,,,,,,,,,,,
68,ark:/13030/c8251rf5/,English,"University of California, Davis Library, Dept. of Special Collections","Special Libraries Association, Sierra Nevada Chapter Records",Special Libraries Association. Sierra Nevada Chapter,D-521;738,3 linear feet,1977-2001,,"Slides, memoranda, diskettes, budgets, flyers forof dinner events, executive board meeting minutes, and issues of the Gold &amp; Silver Gazette, the Sierra Nevada Chapter&#39;s newsletter.","Researchers should contact Archives and Special Collections to request collections, as many are stored offsite.",,,,,,,,,,,,,,,,,,,,,,,,,,,,,,,,,,,,,,,,,,,,,,,,,,,,,,,,,,
97,ark:/13030/c83n28wq/,English,"University of California, Davis Library, University Archives",University of California Office of Research Records,University of California (System). Office of Research,AR-154,5 linear feet,1968-1993,,Research proposals and awards.,"Researchers should contact Archives and Special Collections to request collections, as many are stored offsite.",,,,,,,,,,,,,,,,,,,,,,,,,,,,,,,,,,,,,,,,,,,,,,,,,,,,,,,,,,
105,ark:/13030/c83t9pmg/,English,"University of California, Davis Library, University Archives",UC Davis Health Public Affairs and Marketing Records,UC Davis Health. Marketing and Public Affairs,AR-225,89 linear feet,circa 1970-2010,,"Video recordings of &#34;Pulse&#34; medical TV magazine recordings, other recordings related to the UC Davis Medical Center and UC Davis Health, photographs of the UC Davis Medical Center campus, and related records.","Researchers should contact Archives and Special Collections to request collections, as many are stored offsite.",,,,,,,,,,,,,,,,,,,,,,,,,,,,,,,,,,,,,,,,,,,,,,,,,,,,,,,,,,
107,ark:/13030/c83t9qd6/,English,"University of California, Davis Library, University Archives",Library Loan Department Records,"University of California, Davis. Library",AR-073,3 linear feet,1963-1991,,Circulation statistics and annual reports.,"Researchers should contact Archives and Special Collections to request collections, as many are stored offsite.",,,,,,,,,,,,,,,,,,,,,,,,,,,,,,,,,,,,,,,,,,,,,,,,,,,,,,,,,,
112,ark:/13030/c83x8d2n/,English,"University of California, Davis. Library, Dept. of Special Collections",Frank W. Zink Papers on Plant Breeding,"Zink, F. W. (Frank W.), 1923-",D-054,2 linear feet,circa 1950-1990,,"The collection includes field notes, data, draft and published writings, and slides of Frank W. Zink (1923-2001), UC Davis researcher and plant breeder specializing in vegetable crops.","Researchers should contact Special Collections to request collections, as many are stored offsite.",,,,,,,,,,,,,,,,,,,,,,,,,,,,,,,,,,,,,,,,,,,,,,,,,,,,,,,,,,
113,ark:/13030/c84173wn/,English,"University of California, Davis Library, University Archives","University of California, Davis Directives","University of California, Davis",AR-107,1.8 linear feet,1968-1992,,"Notices to deans, directors, department chairmen, and administrative offices.","Researchers should contact Special Collections to request collections, as many are stored offsite.",,,,,,,,,,,,,,,,,,,,,,,,,,,,,,,,,,,,,,,,,,,,,,,,,,,,,,,,,,
118,ark:/13030/c8445tng/,English,"University of California, Davis Library, University Archives",Associate University Librarian for Personnel and Budget Records,"University of California, Davis. Library. Administration",AR-017,3 linear feet,1948-1984,,"Budget information, annual and departmental budgets, collections budgets, and worksheets for the UC Davis libraries.","Researchers should contact Archives and Special Collections to request collections, as many are stored offsite.",,,,,,,,,,,,,,,,,,,,,,,,,,,,,,,,,,,,,,,,,,,,,,,,,,,,,,,,,,
120,ark:/13030/c8474hbc/,English,"University of California, Davis Library, University Archives",UC Davis Faculty Collection,"University of California, Davis",AR-081,0.4 linear feet,1922-1981,,Contains records from several past UC Davis faculty.,"Researchers should contact Archives and Special Collections to request collections, as many are stored offsite.",,,,,,,,,,,,,,,,,,,,,,,,,,,,,,,,,,,,,,,,,,,,,,,,,,,,,,,,,,
121,ark:/13030/c8474j26/,English,"University of California, Davis Library, University Archives",Gifts and Endowments Records,"University of California, Davis. Development and Alumni Relations",AR-204,16.4 linear feet,1956-1987,,"Correspondence, budgets, reports, minutes, chronological files, and other administrative records related to UC Davis fundraising.","Researchers should contact Archives and Special Collections to request collections, as many are stored offsite.",,,,,,,,,,,,,,,,,,,,,,,,,,,,,,,,,,,,,,,,,,,,,,,,,,,,,,,,,,
128,ark:/13030/c84j0mkb/,English,"University of California, Davis Library, University Archives","University of California, Davis Library Collection Development Department Records","University of California, Davis. Library. Collection Development Dept.",AR-004,15 linear feet,1969-2005,,"Correspondence, shared purchase documents, materials regarding the Northern Regional Library Facility (NRLF).","Researchers should contact Archives and Special Collections to request collections, as many are stored offsite.",,,,,,,,,,,,,,,,,,,,,,,,,,,,,,,,,,,,,,,,,,,,,,,,,,,,,,,,,,
129,ark:/13030/c84j0n8q/,English,"University of California, Davis Library, University Archives",Department of Dramatic Art Records,"University of California, Davis. Department of Dramatic Art and Dance",AR-105,6.4 linear feet,1964-1989,,"Correspondence, publications, literary productions, and recordings from the Department of Dramatic Art.","Researchers should contact Archives and Special Collections to request collections, as many are stored offsite.",,,,,,,,,,,,,,,,,,,,,,,,,,,,,,,,,,,,,,,,,,,,,,,,,,,,,,,,,,
130,ark:/13030/c84m96s5/,English,"University of California, Davis General Library, Dept. of Special Collections",Northern California Native American Political Activists Collection,"University of California, Davis. Library. Department of Special Collections",D-434;682,20 linear feet,1970-1999,,"Newsletters, publications, and correspondence by and among Native American activists.","Researchers should contact Archives and Special Collections to request collections, as many are stored offsite.",,,,,,,,,,,,,,,,,,,,,,,,,,,,,,,,,,,,,,,,,,,,,,,,,,,,,,,,,,
134,ark:/13030/c84m9brc/,English,"University of California, Davis Library, University Archives",University Farm Alumni Association Records,University Farm Alumni Association,AR-097,1 linear foot,1916-1958,,"Correspondence, minutes, reports, albums, and member information for the University Farm Alumni Association.","Researchers should contact Archives and Special Collections to request collections, as many are stored offsite.",,,,,,,,,,,,,,,,,,,,,,,,,,,,,,,,,,,,,,,,,,,,,,,,,,,,,,,,,,
141,ark:/13030/c84x5fjh/,English,"University of California, Davis General Library, Dept. of Special Collections",Dan E. Parfitt Collection on Plant Collecting and Breeding,"Parfitt, Dan E.",D-647,0.4 linear feet,1915-1988,,"Published works, reports from plant exploration missions, reports on the establishment of new germplasm repositories, and grey literature from agricultural experiment stations in India and Turkmenistan collected by pomologist Dan E. Parfitt.","Researchers should contact Special Collections to request collections, as many are stored offsite.",,,,,,,,,,,,,,,,,,,,,,,,,,,,,,,,,,,,,,,,,,,,,,,,,,,,,,,,,,
145,ark:/13030/c85144mn/,English,"University of California, Davis Library, University Archives",LGBTQIA Resource Center Records,"University of California, Davis. Lesbian, Gay, Bisexual, Transgender, Queer, Intersex, Asexual Resource Center",AR-226,8 linear feet,1983-2010,,Records related to the activities and programs of the UC Davis LGBTQIA Resource Center.,"Researchers should contact Archives and Special Collections to request collections, as many are stored offsite",,,,,,,,,,,,,,,,,,,,,,,,,,,,,,,,,,,,,,,,,,,,,,,,,,,,,,,,,,
151,ark:/13030/c8542v3w/,English,"University of California, Davis Library, University Archives","University of California, Davis University Relations, Government and Community Relations Records","University of California, Davis. University Relations. Government and Community Relations",AR-056,9 linear feet,1990-1998,,"Subject files, long-range development plans, committee notes, and budgets.","Researchers should contact Archives and Special Collections to request collections, as many are stored offsite.",,,,,,,,,,,,,,,,,,,,,,,,,,,,,,,,,,,,,,,,,,,,,,,,,,,,,,,,,,
157,ark:/13030/c85h7j0h/,English,"University of California, Davis Library, Dept. of Special Collections",Lee H. Watkins Papers,"Watkins, Lee H.",D-084;215,6.4 linear feet,1939-1972,,"Lee H. Watkins (1908-1972) served as an apicultural assistant for the University of California, Davis from 1952-1964. The collection contains correspondence, research notes, and research papers concerning early American beekeeping history. The collection also contains a series of correspondence and poetry from William Everson and articles about and a painting by Henry Miller.","Researchers should contact Special Collections to request collections, as many are stored offsite.",,,,,,,,,,,,,,,,,,,,,,,,,,,,,,,,,,,,,,,,,,,,,,,,,,,,,,,,,,
162,ark:/13030/c85m6c77/,English,"University of California, Davis Library, University Archives","University of California, Davis, Department of Environmental Design Records","University of California, Davis. Department of Environmental Design",AR-125,2.4 linear feet,1980-2003,,Audio and video recordings of department lectures and events as well as lecture and project slides.,"Researchers should contact Archives and Special Collections to request collections, as many are stored offsite.",,,,,,,,,,,,,,,,,,,,,,,,,,,,,,,,,,,,,,,,,,,,,,,,,,,,,,,,,,
168,ark:/13030/c85t3ss9/,English,"University of California, Davis Library, Dept. of Special Collections",Cynthia Brantley Papers,"Brantley, Cynthia",D-514;733,19 linear feet,1966-2002,,Research materials for UC Davis Professor of History Cynthia Brantley&#39;s books and materials from the year Brantley spent in Nigeria (1966-1967).,"Researchers should contact Archives and Special Collections to request collections, as many are stored offsite.",,,,,,,,,,,,,,,,,,,,,,,,,,,,,,,,,,,,,,,,,,,,,,,,,,,,,,,,,,
170,ark:/13030/c85x2bns/,English,"University of California, Davis Library, Dept. of Special Collections",Karla Margaret Andersdatter Papers,"Andersdatter, Karla Margaret",D-049;186,25.4 linear feet,1955-1993,,"Correspondence, poetry, journals, publications, and flyers.","Researchers should contact Special Collections to request collections, as many are stored offsite.",,,,,,,,,,,,,,,,,,,,,,,,,,,,,,,,,,,,,,,,,,,,,,,,,,,,,,,,,,
174,ark:/13030/c8639w68/,English,"University of California, Davis Library, University Archives","University of California, Davis, Student Housing Office Records","University of California, Davis. Student Housing Office",AR-035,3 linear feet,1927-circa 1960,,"Publications, files, and photographs of residential housing on the Davis campus.","Researchers should contact Archives and Special Collections to request collections, as many are stored offsite.",,,,,,,,,,,,,,,,,,,,,,,,,,,,,,,,,,,,,,,,,,,,,,,,,,,,,,,,,,
183,ark:/13030/c86h4p27/,English,"University of California, Davis General Library, Dept. of Special Collections",Roger Boulton Beverage Label Album,"Boulton, Roger B., 1949-",MC138,1 volume,circa 1940-1960,,"Large-format album of wine, beer, spirits, and soft drink labels.","Researchers should contact Special Collections to request collections, as many are stored offsite.",,,,,,,,,,,,,,,,,,,,,,,,,,,,,,,,,,,,,,,,,,,,,,,,,,,,,,,,,,
192,ark:/13030/c86q23pk/,English,"University of California, Davis. Library, Dept. of Special Collections",Paul F. Knowles Papers,"Knowles, Paulden F. (Paulden Ford), 1916-1990",D-126,6 linear feet,circa 1950-1980,,"Collection includes collection trip notes, original manuscripts and drafts, and slides and photographs from agronomy professor Paul F. Knowles (1916-1990).","Researchers should contact Special Collections to request collections, as many are stored offsite.",,,,,,,,,,,,,,,,,,,,,,,,,,,,,,,,,,,,,,,,,,,,,,,,,,,,,,,,,,
193,ark:/13030/c86q23q1/,English,"University of California, Davis Library, University Archives",CUD: News &amp; Notes of the University Library Collection,"University of California, Davis. Library",AR-092,1.4 linear feet,1964-1997,,Former publication of the University Library.,"Researchers should contact Archives and Special Collections to request collections, as many are stored offsite.",,,,,,,,,,,,,,,,,,,,,,,,,,,,,,,,,,,,,,,,,,,,,,,,,,,,,,,,,,
194,ark:/13030/c86q23rg/,English,"University of California, Davis Library, University Archives","University of California, Davis Long Range Development Plans","University of California, Davis",AR-112,1 linear foot,1963-2002,,Long Range Development Plans and Environmental Impact Reports.,"Researchers should contact Archives and Special Collections to request collections, as many are stored offsite.",,,,,,,,,,,,,,,,,,,,,,,,,,,,,,,,,,,,,,,,,,,,,,,,,,,,,,,,,,
201,ark:/13030/c87083qc/,English,,"University of California, Davis, General Library, Government Information/Maps Collection on Non-Governmental Organizations",,D-509,,,,"Pamphlets, flyers, and newsletters, mainly pertaining to non-governmental organizations.",,1978-1992,"University of California, Davis. Library. Government Information/Maps Department -- Archives.",28 linear feet,,,,,,,,,,,,,,,,,,,,,,,,,,,,,,,,,,,,,,,,,,,,,,,,,,,,,,,
218,ark:/13030/c87p94w9/,English,"University of California, Davis Library, University Archives",Loren D. Carlson Health Sciences Library Records,Loren D. Carlson Health Sciences Library,AR-218,18.1 linear feet,1956-2009,,"Annual reports, department correspondence, statistics, newsletters, and course materials.","Researchers should contact Archives and Special Collections to request collections, as many are stored offsite.",,,,,,,,,,,,,,,,,,,,,,,,,,,,,,,,,,,,,,,,,,,,,,,,,,,,,,,,,,
221,ark:/13030/c87w6jph/,English,"University of California, Davis Library, University Archives","University of California, Davis Emeriti Association Records",UCD Emeriti Association,AR-074,13.4 linear feet,1970-2017,,"Bylaws, membership information, minutes, newsletters, operational records, of the UC Davis Emeriti Association, as well as master video recordings of oral histories.","Researchers should contact Archives and Special Collections to request collections, as many are stored offsite.",,,,,,,,,,,,,,,,,,,,,,,,,,,,,,,,,,,,,,,,,,,,,,,,,,,,,,,,,,
222,ark:/13030/c87w6jz3/,English,"University of California, Davis Library, University Archives","University of California, Davis Department of Philosophy Records","University of California, Davis. Department of Philosophy",AR-138,1 linear foot,1953-1998,,"Planning, history, and departmental review records for the UC Davis Department of Philosophy.","Researchers should contact Archives and Special Collections to request collections, as many are stored offsite.",,,,,,,Binder containing duplicate information from the review of 1995-1996. Kept in binder to preserve original filing.,,,,,,,,,,,,,,,,,,,,,,,,,,,,,,,,,,,,,,,,,,,,,,,,,,,
223,ark:/13030/c87w6kbf/,English,"University of California, Davis Library, University Archives",Associate University Librarian for Collections Records,"University of California, Davis. Library. Administration",AR-003,18 linear feet,1949-1982,,"Correspondence, Library Council circulars, reports, memoranda, and publications.","Researchers should contact Archives and Special Collections to request collections, as many are stored offsite.",,,,,,,,,,,,,,,,,,,,,,,,,,,,,,,,,,,,,,,,,,,,,,,,,,,,,,,,,,
231,ark:/13030/c8862pnm/,English,"University of California, Davis Library, University Archives",Department of Music Records,"University of California, Davis. Department of Music",AR-104,2.4 linear feet,1963-2006,,"Program information, course lists, and performance flyers.","Researchers should contact Archives and Special Collections to request collections, as many are stored offsite.",,,,,,,,,,,,,,,,,,,,,,,,,,,,,,,,,,,,,,,,,,,,,,,,,,,,,,,,,,
242,ark:/13030/c88k7fx0/,English,"University of California, Davis General Library, University Archives",Office of the Dean of Graduate Studies Records,"University of California, Davis. Office of Graduate Studies",AR-046,1 computer disc (CD),1948-2014,,"UC Davis Graduate Studies encompasses the nearly 100 graduate and professional programs at UC Davis. The collection includes handbooks, newsletters, promotional materials, clippings, records of statistics and awards, and optical disks with images of commencement ceremonies and other events.","Researchers should contact Special Collections to request collections, as many are stored offsite.",,,,,,,,,,,,,,,,,,,,,,,,,,,,,,,,,,,,,,,,,,,,,,,,,,,,,,,,,,
254,ark:/13030/c88w3ksf/,English,"University of California, Davis Library, University Archives","University of California, Davis University Club Records","University of California, Davis. University Club",AR-055,14.5 linear feet,1914-2006,,"Ledgers, committee lists, correspondence, meeting minutes, and photographs of past presidents of the club.","Researchers should contact Archives and Special Collections to request collections, as many are stored offsite.",,,,,,,,,,,,,,,,,,,,,,,,,,,,,,,,,,,,,,,,,,,,,,,,,,,,,,,,,,
255,ark:/13030/c88w3mh8/,English,"University of California, Davis Library, University Archives",University of California (System) Division of Agriculture &amp; Natural Resources Records,University of California (System). Division of Agriculture and Natural Resources,AR-172,5 linear feet,1917-1989,,"The Division of Agriculture &amp; Natural Resources (DANR) Records mainly contain photographs and slides, but also include materials on DANR programs and events, UC Davis agriculture-related and natural resource-related departments, and California counties.","Researchers should contact Archives and Special Collections to request collections, as many are stored offsite.",,,,,,,,,,,,,,,,,,,,,,,,,,,,,,,,,,,,,,,,,,,,,,,,,,,,,,,,,,
258,ark:/13030/c89029xw/,English,"University of California, Davis Library, University Archives","Department of Land, Air, and Water Resources (LAWR) Climatological Data for Davis, California","University of California, Davis. Department of Land, Air, and Water Resources",AR-093,1.2 linear feet,1964-2005,,"Sheets of observation data from NOAA Reference Climatological Station maintained by the Department of Land, Air and Water Resources, University of California, Davis.","Researchers should contact Archives and Special Collections to request collections, as many are stored offsite.",,,,,,,,,,,,,,,,,,,,,,,,,,,,,,,,,,,,,,,,,,,,,,,,,,,,,,,,,,
261,ark:/13030/c8930ztp/,English,"University of California, Davis General Library, Dept. of Special Collections",Theodore Dreiser Letter,"Dreiser, Theodore, 1871-1945",MC276,1 folder,20 May 1912,,"Single letter from Theodore Dreiser to &#34;Sara&#34; (possibly Sarah Dreiser, n√©e Sarah Osborne White).","Researchers should contact Special Collections to request collections, as many are stored offsite.",,,,,,,,,,,,,,,,,,,,,,,,,,,,,,,,,,,,,,,,,,,,,,,,,,,,,,,,,,
264,ark:/13030/c8959qc2/,English,"University of California, Davis Library, Dept. of Special Collections",Mike Harrison Library Cards and Microfilm,"Harrison, Michael (1897-2005)",D-513,13 linear feet,1981-1997,,"Updates to Harrison Western Research Center library card catalog, master microfilm of catalog records.","Researchers should contact Special Collections to request collections, as many are stored offsite.",,,,,,,,,,,,,,,,,,,,,,,,,,,,,,,,,,,,,,,,,,,,,,,,,,,,,,,,,,
279,ark:/13030/c89k4jdp/,English,"University of California, Davis Library, University Archives",Office of the Vice-Chancellor of Academic Affairs Records,"University of California, Davis. Office of the Vice-Chancellor--Academic Affairs",AR-166,2 linear feet,1970-1983,,"Academic plans, program descriptions, accreditations, program and department evaluations, and materials related to various campus task forces.","Researchers should contact Archives and Special Collections to request collections, as many are stored offsite.",,,,,,,,,,,,,,,,,,,,,,,,,,,,,,,,,,,,,,,,,,,,,,,,,,,,,,,,,,
282,ark:/13030/c89p3652/,English,"University of California, Davis General Library, Dept. of Special Collections",William J. Mathey Hoof and Mouth Disease Scrapbooks,"Mathey, William J.",MC270,2 scrapbooks,1924-1925,,"William J. Mathey taught at the University of California, Davis School of Veterinary Medicine. The collection includes two scrapbooks of photographs documenting hoof and mouth disease management in the mid-1920s.","Researchers should contact Special Collections to request collections, as many are stored offsite.",,,,,,,,,,,,,,,,,,,,,,,,,,,,,,,,,,,,,,,,,,,,,,,,,,,,,,,,,,
290,ark:/13030/c89w0mz8/,English,"University of California, Davis Library, University Archives","Librarians Association of the University of California, Davis (LAUC-D) Records",University of California (System). Librarians Association. Davis Division,AR-034,13 linear feet,1978-2009,,"Meeting agendas and minutes, budgets, by-laws, and membership rosters.","Researchers should contact Archives and Special Collections to request collections, as many are stored offsite.",,,,,,,,,,,,,,,,,,,,,,,,,,,,,,,,,,,,,,,,,,,,,,,,,,,,,,,,,,
302,ark:/13030/c8bc41r6/,English,"University of California, Davis Library, Dept. of Special Collections",Chicano Record Collection,"University of California, Davis. Library. Department of Special Collections",D-419;155,8.4 linear feet,1961-1990,,"Long-playing records which feature Chicano music. Artists include Lola Beltran, Yolanda Del Rio, Pedro Infante, Flaco Jimenez, Luis Perez Meza, Augustine Ramirez, and Silvestre Vargas, among others.","Researchers should contact Special Collections to request collections, as many are stored offsite.",,,,,,,,,,,,,,,,,,,,,,,,,,,,,,,,,,,,,,,,,,,,,,,,,,,,,,,,,,
304,ark:/13030/c8bc45qd/,English,"University of California, Davis Library, University Archives",UC Davis Extension Records,UC Davis Extension,AR-065,7 linear feet,1956-1987,,"Videos of Legal Aspects of Engineering course and of Story Teller Series episodes, as well as University Extension publications, course offerings, and bochures.","Researchers should contact Archives and Special Collections to request collections, as many are stored offsite.",,,,,,,,,,,,,,,,,,,,,,,,,,,,,,,,,,,,,,,,,,,,,,,,,,,,,,,,,,
312,ark:/13030/c8br8vgv/,English,,Albert A. Grigarick Photographs,,D-505,,,,Photographs from Grigarick&#39;s fieldwork and professional travel.,,1957-1992,"Grigarick, Albert A.",0.4 linear feet,,,,,,,,,,,,,,,,,,,,,,,,,,,,,,,,,,,,,,,,,,,,,,,,,,,,,,,
313,ark:/13030/c8br8zxx/,English,"University of California, Davis Library, University Archives",College of Biological Sciences Records,"University of California, Davis. College of Biological Sciences",AR-167,22 KB,1985-2012,,"The collection includes a five-volume record of the 1993 reorganization of the Division of Biological Sciences and materials related to the 2005 creation of the College of Biological Sciences. Collection also includes digital files from Thomas Rost, former Associate and Executive Associate Dean of the College of Biological Sciences.","Researchers should contact Archives and Special Collections to request collections, as many are stored offsite.",,,,,,,,,,,,,,,,,,,,,,,,,,,,,,,,,,,,,,,,,,,,,,,,,,,,,,,,,,
316,ark:/13030/c8bv7pwt/,English,"University of California, Davis Library, Dept. of Special Collections",Postcard Collection,"University of California, Davis. Library. Department of Special Collections",O-001,1 item,circa 1905-2021,,Postcards of Northern California attractions and local scenes as well as postcards related to important historical events.,"Researchers should contact Archives and Special Collections to request collections, as many are stored offsite.",,,,,,,,,,,,,,,,,,,,,,,,,,,,,,,,,,,,,,,,,,,,,,,,,,,,,,,,,,
319,ark:/13030/c8c253kc/,English,"University of California, Davis Library, University Archives",Department of History Records,"University of California, Davis. Department of History",AR-211,6 linear feet,1774-1945,,Microfilm of historical documents.,"Researchers should contact Archives and Special Collections to request collections, as many are stored offsite.",,,,,,,,,,,,,,,,,,,,,,,,,,,,,,,,,,,,,,,,,,,,,,,,,,,,,,,,,,
328,ark:/13030/c8cc167q/,English,"University of California, Davis Library, University Archives","University of California, Davis Office of Architects and Engineers Records","University of California, Davis. Office of Architects and Engineers",AR-212,14.6 linear feet,1945-2002,,"Collection contains aerial photographs of campus, photographs of campus buildings under construction, and architectural drawings of campus buildings.","Researchers should contact Archives and Special Collections to request collections, as many are stored offsite.",,,,,,,,,,,,,,,,,,,,,,,,,,,,,,,,,,,,,,,,,,,,,,,,,,,,,,,,,,
333,ark:/13030/c8cn79cs/,English,"University of California, Davis Library, University Archives",Roberta Stevenson Collection,"Stevenson, Roberta",AR-070,6.1 linear feet,1966-1999,,UC Davis publications and ephemera.,"Researchers should contact Archives and Special Collections to request collections, as many are stored offsite.",,,,,,,,,,,,,,,,,,,,,,,,,,,,,,,,,,,,,,,,,,,,,,,,,,,,,,,,,,
337,ark:/13030/c8cr61kt/,English,"University of California, Davis Library, University Archives",University Relations UC Davis Foundation Records,"University of California, Davis. University Relations",AR-052,11 linear feet,1963-1997,,"Correspondence, minutes, and subject files related to the Cal Aggie Foundation/UC Davis Foundation&#39;s fundraising activities.","Researchers should contact Archives and Special Collections to request collections, as many are stored offsite.",,,,,,,,,,,,,,,,,,,,,,,,,,,,,,,,,,,,,,,,,,,,,,,,,,,,,,,,,,
341,ark:/13030/c8cz3dwb/,English,"University of California, Davis Library, University Archives",Department of Pomology Records,"University of California, Davis. Department of Pomology.",AR-015,13.6 linear feet,1912-1965,,"The records of the Department of Pomology include correspondence, course development materials, and an extensive set of photographic materials, including plates, prints, negatives, and slides.","Researchers should contact Archives and Special Collections to request collections, as many are stored offsite.",,,,,,,,,,,,,,,,,,,,,,,,,,,,,,,,,,,,,,,,,,,,,,,,,,,,,,,,,,
345,ark:/13030/c8d50q6b/,English,,East Los Angeles College New Careers Program Collection,,D-429,,,,"Meeting minutes, correspondence, and reports associated with the New Career Program.",,1967-1969,East Los Angeles College (Calif.). New Careers Program.,1 linear foot,,,,,,,,,,,,,,,,,,,,,,,,,,,,,,,,,,,,,,,,,,,,,,,,,,,,,,,
350,ark:/13030/c8d79fmh/,English,"University of California, Davis General Library, Dept. of Special Collections",Nelson Gallery Teaching Prints. Collection.,,D-586,4 linear feet,1505-circa 1950,,"The collection contains a set of prints, drawings, and watercolors of classical, Biblical, and contemporary subjects.","Researchers should contact Special Collections to request collections, as many are stored offsite.",,,,,,,,"University of California, Davis. Art Department.",,,,,,,,,,,,,,,,,,,,,,,,,,,,,,,,,,,,,,,,,,,,,,,,,,
364,ark:/13030/c8dj5nvq/,English,"University of California, Davis Library, University Archives",Agricultural Services Records,"University of California, Davis. Agricultural Services",AR-066,3 linear feet,1927-1994,,"Correspondence, purchase orders and invoices, construction documents, equipment lists, and subject files related to various agriculture-related departments at UC Davis.","Researchers should contact Archives and Special Collections to request collections, as many are stored offsite.",,,,,,,,,,,,,,,,,,,,,,,,,,,,,,,,,,,,,,,,,,,,,,,,,,,,,,,,,,
366,ark:/13030/c8dn4bjm/,English,"University of California, Davis Library, University Archives","University of California, Davis Library Humanities and Social Sciences Department Records","University of California, Davis. Library. Humanities, Social Sciences and Government Information Services",AR-044,17 linear feet,1946-2005,,"Department correspondence, annual reports, and course syllabi.","Researchers should contact Archives and Special Collections to request collections, as many are stored offsite.",,,,,,,,,,,,,,,,,,,,,,,,,,,,,,,,,,,,,,,,,,,,,,,,,,,,,,,,,,
368,ark:/13030/c8dr32mv/,English,"University of California, Davis Library, University Archives",Cross Cultural Center Records,"University of California, Davis. Cross-Cultural Center",AR-229,871 KB,2005-2019,,,"Researchers should contact Archives and Special Collections to request collections, as many are stored offsite.",,,,,,,,,,,,,,,,,,,,,,,,,,,,,,,,,,,,,,,,,,,,,,,,,,,,,,,,,,
369,ark:/13030/c8dv1n8p/,English,"University of California, Davis Library, Dept. of Special Collections",Adaljiza Sosa Riddell Papers,"Riddell, Adaljiza Sosa",D-397;674,24.9 linear feet,1960-2003,,"The papers contain correspondence, subject files, curriculum materials, and research materials.","Researchers should contact Archives and Special Collections to request collections, as many are stored offsite.",,,,,,,,,,,,,,,,,,,,,,,,,,,,,,,,,,,,,,,,,,,,,,,,,,,,,,,,,,
376,ark:/13030/c8f1953q/,English,"University of California, Davis General Library, Dept. of Special Collections",W. Robert Powell Papers on Agronomy and Plant Sciences,"Powell, W. Robert",D-630,4 linear feet,circa 1955-2000,,"Research notes, data, and publications of W. Robert Powell, UC Davis specialist in Agronomy and plant sciences.","Researchers should contact Special Collections to request collections, as many are stored offsite.",,,,,,,,,,,,,,,,,,,,,,,,,,,,,,,,,,,,,,,,,,,,,,,,,,,,,,,,,,
389,ark:/13030/c8ff3wqb/,English,"University of California, Davis General Library, Dept. of Special Collections",Kenneth K. Tanji Papers,"Tanji, Kenneth K.",D-476;708,17 linear feet,1969-2007,,"Slides, committee minutes, research notes, and class materials relating to Professor of Hydrology Kenneth Tanji&#39;s research on water issues, including a project to address selenium contamination that poisoned wildlife at Kesterson Reservoir.","Researchers should contact Archives and Special Collections to request collections, as many are stored offsite.",,,,,,,,,,,,,,,,,,,,,,,,,,,,,,,,,,,,,,,,,,,,,,,,,,,,,,,,,,
391,ark:/13030/c8fn1cp0/,English,"University of California, Davis Library, University Archives","University of California, Davis School of Veterinary Medicine Records","University of California, Davis. School of Veterinary Medicine",AR-032,4 linear feet,1964-2016,,"Operational records, notes, publications, and memorabilia.","Researchers should contact Archives and Special Collections to request collections, as many are stored offsite.",,,,,,,,,,,,,,,,,,,,,,,,,,,,,,,,,,,,,,,,,,,,,,,,,,,,,,,,,,
394,ark:/13030/c8ft8sjj/,English,"University of California, Davis Library, University Archives","University of California, Davis Office of the Vice Chancellor for Student Affairs and Campus Diversity Records","University of California, Davis. Office of the Vice Chancellor--Student Affairs",AR-161,19 linear feet,1933-2015,,"Records include correspondence, meeting minutes, reports, constitution, publications, and photographs.","Researchers should contact Archives and Special Collections to request collections, as many are stored offsite.",,,,,,,,,,,,,,,,,,,,,,,,,,,,,,,,,,,,,,,,,,,,,,,,,,,,,,,,,,
399,ark:/13030/c8g1671t/,English,"University of California, Davis Library, University Archives",UC Davis School of Medicine Records,"University of California, Davis. School of Medicine",AR-024;389,19.4 linear feet,1966-1984,,"Correspondence, minutes, program information and curriculum reviews, materials related to seminars and conferences, reports, daily boards, and publications from the School of Medicine.","Researchers should contact Archives and Special Collections to request collections, as many are stored offsite.",,,,,,,,,,,,,,,,,,,,,,,,,,,,,,,,,,,,,,,,,,,,,,,,,,,,,,,,,,
403,ark:/13030/c8g44wqx/,English,,Avant Garde Poetry Anthologies,,O-004,,,,Collected poetical works of three or more poets.,,1955-2014,"University of California, Davis. Library. Department of Special Collections.",11 linear feet,,,,,,,,,,,,,,,,,,,,,,,,,,,,,,,,,,,,,,,,,,,,,,,,,,,,,,,
409,ark:/13030/c8gf11nn/,English,"University of California, Davis Library, University Archives",Library Council Records,"University of California, Davis. Library",AR-054,2 linear feet,1945-1972,,"Reports, correspondence, subject files, statistics, and working papers related to the operations of the Library.","Researchers should contact Archives and Special Collections to request collections, as many are stored offsite.",,,,,,,,,,,,,,,,,,,,,,,,,,,,,,,,,,,,,,,,,,,,,,,,,,,,,,,,,,
412,ark:/13030/c8gm8829/,Collection materials in English.,,John S. Dunn Papers,"Dunn, John S.",MC256,,1854-1859,,"John S. Dunn (1810-1885) lived in the Nevada City, California area. This small collection contains two letters from Dunn addressed to &#34;Brother,&#34; two receipts, and an agreement between Dunn, Charles Dunn Jr., and Richard Rowe regarding mining claims on Kennebec Hill in Nevada County, California.","Researchers should contact Special Collections to request collections, as many are stored offsite.",,,0.2 linear feet,,,,,,,,,,,,,,,,,,,,,,,,,,,,,,,,,,,,,,,,,,,,,,,,,,,,,,,
421,ark:/13030/c8gt5vbv/,English,"University of California, Davis Library, University Archives",Department of Botany Records,"University of California, Davis. Department of Plant Biology",AR-210,9.6 linear feet,1880-1998,,"Publications, reprints, and microfilm related to the work of faculty members in the Department of Botany.","Researchers should contact Archives and Special Collections to request collections, as many are stored offsite.",,,,,,,,,,,,,,,,,,,,,,,,,,,,,,,,,,,,,,,,,,,,,,,,,,,,,,,,,,
435,ark:/13030/c8hd825d/,English,"University of California, Davis Library, University Archives",Council of University of California Staff Assemblies (CUCSA) Records,University of California (System). Staff Assembly. Council,AR-064,12 linear feet,1970-2003,,"Annual reports, minutes, budgets, and office files relating to the Council of University of California Staff Assemblies (CUCSA).","Researchers should contact Archives and Special Collections to request collections, as many are stored offsite.",,,,,,,,,,,,,,,,,,,,,,,,,,,,,,,,,,,,,,,,,,,,,,,,,,,,,,,,,,
447,ark:/13030/c8hx1fxb/,English,"University of California, Davis Library, Dept. of Special Collections",Price Amerson Art Exhibition Catalog Collection,"Amerson, Price",D-423;157,38 linear feet,1976-1999,,Catalogs from art exhibitions primarily in the United States collected by artist and Richard L. Nelson Gallery founder Price Amerson.,"Researchers should contact Archives and Special Collections to request collections, as many are stored offsite.",,,,,,,,,,,,,,,,,,,,,,,,,,,,,,,,,,,,,,,,,,,,,,,,,,,,,,,,,,
451,ark:/13030/c8j108bm/,English,"University of California, Davis General Library, University Archives",Library Administration Records,"University of California, Davis. Library. Administration",AR-077,124 linear feet,1910-2017,,"The collection includes reports, correspondence, meeting minutes/agendas, statistics, proposals, plans, and manuals.","Researchers should contact Special Collections to request collections, as many are stored offsite.",,,,,,,,,,,,,,,,,,,,,,,,,,,,,,,,,,,,,,,,,,,,,,,,,,,,,,,,,,
452,ark:/13030/c8j109fc/,English,"University of California, Davis Library, Dept. of Special Collections",Rose Marie Pangborn Tribute Collection,"Pecore, Suzanne Denise",MC222,12 KB,1989-2015,,"Video tributes to UC Davis Professor and Sensory Scientist Rose Marie Pangborn and recordings of Pangborn&#39;s lectures for Food Science and Technology 107, Principles of Sensory Evaluation.","Researchers should contact Archives and Special Collections to request collections, as many are stored offsite.",,,,,,,,,,,,,,,,,,,,,,,,,,,,,,,,,,,,,,,,,,,,,,,,,,,,,,,,,,
456,ark:/13030/c8j39038/,English,"University of California, Davis Library, University Archives",Marvin D. Goldman/Laboratory for Energy-Related Health Research (LEHR) Collection,"Goldman, Marvin, 1928-",AR-209,52 linear feet,1950-1990,,"Correspondence, research reports, photographs, and background data produced and used by the LEHR in its low-level radiation studies.","Researchers should contact Archives and Special Collections to request collections, as many are stored offsite.",,,,,,,,,,,,,,,,,,,,,,,,,,,,,,,,,,,,,,,,,,,,,,,,,,,,,,,,,,
460,ark:/13030/c8j67pdv/,English,"University of California, Davis Library, University Archives",University Bulletin,University of California (System),AR-089,2 linear feet,1931-1986,,Preservation copies of the University of California Faculty Bulletin and the University of California University Bulletin.,"Researchers should contact Archives and Special Collections to request collections, as many are stored offsite.",,,,,,,,,,,,,,,,,,,,,,,,,,,,,,,,,,,,,,,,,,,,,,,,,,,,,,,,,,
465,ark:/13030/c8jh3snt/,English,"University of California, Davis Library, University Archives","University of California Davis, Department of Home Economics Records","University of California, Davis. Department of Home Economics",AR-022,14.4 linear feet,1909-1968,,"Correspondence and files related to: the Home Management House, housing project, curriculum, and Everson Hall. Also included are some materials related to the Faculty Club and the Steak Bake.","Researchers should contact Archives and Special Collections to request collections, as many are stored offsite.",,,,,,,,,,,,,,,,,,,,,,,,,,,,,,,,,,,,,,,,,,,,,,,,,,,,,,,,,,
479,ark:/13030/c8k079r1/,English,"University of California, Davis. Library, Dept. of Special Collections",Harold J. Grossman Collection,"Grossman, Harold J.",D-318,3 linear feet,1929-1967,,"The collection contains books and ephemera collected by wine expert Harold J. Grossman, including pamphlets, culinary guides, maps, and publications.","Researchers should contact Special Collections to request collections, as many are stored offsite.",,,,,,,,,,,,,,,,,,,,,,,,,,,,,,,,,,,,,,,,,,,,,,,,,,,,,,,,,,
482,ark:/13030/c8k361vq/,English,"University of California, Davis Library, University Archives",International Students Administrative Advisory Committee Records,International Students Administrative Advisory Committee,AR-153,1 linear foot,1978-1979,,"Reports, subject files, meeting minutes, and other organizational materials related to the work of the International Students Administrative Advisory Committee.","Researchers should contact Archives and Special Collections to request collections, as many are stored offsite.",,,,,,,,,,,,,,,,,,,,,,,,,,,,,,,,,,,,,,,,,,,,,,,,,,,,,,,,,,
492,ark:/13030/c8kp87z5/,English,,Olive Collection,,MC262,,,,"Materials from Lindsay Olive Growers, including correspondence, articles, and one photograph, and correspondence with Cruess, Vaughn, Webster and others in the olive industry.",,1930-1980,null,0.1 linear feet,,,,,,,,,,,,,,,,,,,,,,,,,,,,,,,,,,,,,,,,,,,,,,,,,,,,,,,
500,ark:/13030/c8m04bz9/,English,"University of California, Davis Library, University Archives","University of California, Davis Course Descriptions","University of California, Davis",AR-106,2 linear feet,1969-1979,,"Expanded descriptions, mini-catalogs, workbooks, and lab manuals.","Researchers should contact Archives and Special Collections to request collections, as many are stored offsite.",,,,,,,,,,,,,,,,,,,,,,,,,,,,,,,,,,,,,,,,,,,,,,,,,,,,,,,,,,
503,ark:/13030/c8m61sdf/,English,"University of California, Davis Library, University Archives",Department of Agronomy and Range Science Records,"University of California, Davis. Department of Agronomy and Range Science",AR-053,31 linear feet,1899-1974,,"Minutes, memoranda, reports, correspondence, budgets, and photographs related to the departments&#39;s courses, research, and operations of the Department of Agronomy and Range Science.","Researchers should contact Archives and Special Collections to request collections, as many are stored offsite.",,,,,,,,,,,,,,,,,,,,,,,,,,,,,,,,,,,,,,,,,,,,,,,,,,,,,,,,,,
517,ark:/13030/c8mg7rs0/,English,"University of California, Davis Library, Dept. of Special Collections",Wines and Vines Collection,"Hiaring, Philip",D-071;208,7.2 linear feet,1969-1979,,,"Researchers should contact Archives and Special Collections to request collections, as many are stored offsite.",,,,,,,,,,,,,,,,,,,,,,,,,,,,,,,,,,,,,,,,,,,,,,,,,,,,,,,,,,
523,ark:/13030/c8mk6m2k/,English,"University of California, Davis Library, University Archives",Office of the Dean of Agricultural and Environmental Sciences Records,"University of California, Davis. College of Agricultural and Environmental Sciences. Office of the Dean",AR-030,39 linear feet,1919-1999,,"Correspondence, reports, and minutes related to the administrative operations of the College of Agricultural and Environmental Sciences.","Researchers should contact Archives and Special Collections to request collections, as many are stored offsite.",,,,,,,,,,,,,,,,,,,,,,,,,,,,,,,,,,,,,,,,,,,,,,,,,,,,,,,,,,
526,ark:/13030/c8mp58sh/,English,"University of California, Davis Library, University Archives","University of California, Davis Reports","University of California, Davis",AR-130,8 linear feet,1966-2007,,"Contains reports created by the University of California (System) and the University of California, Davis campus. The collection includes annual reports, budget and financial reports, as well as specific task force reports.","Researchers should contact Archives and Special Collections to request collections, as many are stored offsite.",,,,,,,,,,,,,,,,,,,,,,,,,,,,,,,,,,,,,,,,,,,,,,,,,,,,,,,,,,
531,ark:/13030/c8mw2nk9/,English,"University of California, Davis General Library, Dept. of Special Collections",Pacific Rural Press Company Stock Book,Pacific Rural Press Company,MC267,1 volume,1926-1935,,,"Researchers should contact Special Collections to request collections, as many are stored offsite.",,,,,,,,,,,,,,,,,,,,,,,,,,,,,,,,,,,,,,,,,,,,,,,,,,,,,,,,,,
534,ark:/13030/c8n01c1s/,English,"University of California, Davis General Library, Dept. of Special Collections",Daniel Bidwell Check,"Bidwell, Daniel",MC273,1 item,1871,,"The collection consists of one personal check for two hundred dollars written by Daniel Bidwell (resident of Chico, California and half-brother of General John Bidwell) to Randall Rice.","Researchers should contact Special Collections to request collections, as many are stored offsite.",,,,,,,,,,,,,,,,,,,,,,,,,,,,,,,,,,,,,,,,,,,,,,,,,,,,,,,,,,
535,ark:/13030/c8n01d16/,English,"University of California, Davis Library, Dept. of Special Collections",Reynolds &amp; Buckley Wine Auction Collection,"Reynolds and Buckley, LLC",D-634,17.7 linear feet,1991-2016,,"Wine auction-related materials from San Francisco, California auction firm Reynolds &amp; Buckley. The collection includes catalogs, posters, clippings, memorabilia, and recordings of auctions featuring David Buckley.","Researchers should contact Archives and Special Collections to request collections, as many are stored offsite.",,,,,,,,,,,,,,,,,,,,,,,,,,,,,,,,,,,,,,,,,,,,,,,,,,,,,,,,,,
536,ark:/13030/c8n01drm/,English,"University of California, Davis Library, University Archives",Department of Soils and Plant Nutrition Lantern Slides,"University of California, Davis. Department of Land, Air, and Water Resources",AR-182,5 linear feet,,,"Images of cultivation practices, irrigation, and varietal studies.","Researchers should contact Archives and Special Collections to request collections, as many are stored offsite.",,,,undated,,,,,,,,,,,,,,,,,,,,,,,,,,,,,,,,,,,,,,,,,,,,,,,,,,,,,,
537,ark:/13030/c8n303cm/,English,,Visalia (Calif.) Rainfall Log Book,,MC281,,,,"Handwritten annotated ledger of rainfall totals in Visalia, California.",,1877-1914,"Nancawen, L. V. Daggett, Alfred.",1 volume,,,,,,,,,,,,,,,,,,,,,,,,,,,,,,,,,,,,,,,,,,,,,,,,,,,,,,,
543,ark:/13030/c8nc66x2/,English,"University of California, Davis Library, University Archives","University of California, Davis College of Agriculture Records","University of California, Davis. College of Agriculture",AR-109,2 linear feet,1907-1966,,"Meeting minutes, course and curriculum development materials, research reports, and land assignment files.","Researchers should contact Special Collections to request collections, as many are stored offsite.",,,,,,,,,,,,,,,,,,,,,,,,,,,,,,,,,,,,,,,,,,,,,,,,,,,,,,,,,,
556,ark:/13030/c8nz8f3t/,English,"University of California, Davis Library, University Archives",Campus Directories,"University of California, Davis. Information and Educational Technology",AR-087,2 linear feet,1931-2009,,UC Davis campus telephone directories.,"Researchers should contact Archives and Special Collections to request collections, as many are stored offsite.",,,,,,,,,,,,,,,,,,,,,,,,,,,,,,,,,,,,,,,,,,,,,,,,,,,,,,,,,,
565,ark:/13030/c8pc35rk/,English,"University of California, Davis General Library, Dept. of Special Collections",Nelle Branch Recipe Box,"Branch, Nelle U.",MC094,0.2 linear feet,circa 1920-1972,,"One small box of recipes belonging to Nelle Branch, who was librarian of the University Farm from 1924-1951.","Researchers should contact Special Collections to request collections, as many are stored offsite.",,,,,,,,,,,,,,,,,,,,,,,,,,,,,,,,,,,,,,,,,,,,,,,,,,,,,,,,,,
582,ark:/13030/c8pv6rwc/,English,"University of California, Davis Library, University Archives",UC Davis Library Department Head Meeting Minutes,"University of California, Davis. Library",AR-201,0.4 linear feet,1951-1970,,This small collection contains the minutes of the meetings of the UC Davis Library&#39;s Department Heads from 1951-1970.,"Researchers should contact Special Collections to request collections, as many are stored offsite.",,,,,,,,,,,,,,,,,,,,,,,,,,,,,,,,,,,,,,,,,,,,,,,,,,,,,,,,,,
584,ark:/13030/c8pv6sj9/,English,"University of California, Davis Library, University Archives",Davis Feminist Film Festival Collection,Davis Feminist Film Festival,AR-139,0.4 linear feet,2005-2009,,"Planning materials, publicity, programs, and DVDs from the Davis Feminist Film Festival.","Researchers should contact Archives and Special Collections to request collections, as many are stored offsite.",,,,,,,,,,,,,,,,,,,,,,,,,,,,,,,,,,,,,,,,,,,,,,,,,,,,,,,,,,
586,ark:/13030/c8pz5d5g/,English,"University of California, Davis Library, Dept. of Special Collections",American Bicyclist Records,American Bicyclist Magazine,D-472;706,7 linear feet,1953-1993,,,"Researchers should contact Archives and Special Collections to request collections, as many are stored offsite.",,,,,,,,,,,,,,,,,,,,,,,,,,,,,,,,,,,,,,,,,,,,,,,,,,,,,,,,,,
591,ark:/13030/c8q52w25/,English,,Montana Territorial Warrant,,MC287,,,,Check written by the Territory of Montana for bear and mountain lion bounty.,,1887,Montana Territory. Territorial Treasurer.,1 item,,,,,,,,,,,,,,,,,,,,,,,,,,,,,,,,,,,,,,,,,,,,,,,,,,,,,,,
592,ark:/13030/c8q81fsv/,English,"University of California, Davis Library, Dept. of Special Collections",Thomas E. Weier Papers,"Weier, T. Elliot (Thomas Elliot) (1903-1991)",D-019;182,1 film 8 mm,1929-1991,,"Photo albums, diaries, research notes and lab notebooks corresponding to Weier&#39;s frequent and extensive collecting trips, including field trips with his botany classes.","Researchers should contact Archives and Special Collections to request collections, as many are stored offsite.",,,,,,,,,,,,,,,,,,,,,,,,,,,,,,,,,,,,,,,,,,,,,,,,,,,,,,,,,,
596,ark:/13030/c8q81kjc/,English,"University of California, Davis Library, University Archives","University of California, Davis Library Associates Records","Library Associates of the University Library, Davis",AR-020,43.6 linear feet,1966-1999,,"Office files, meeting minutes, bylaws, annual reports, financial reports, keepsakes, publications, realia, travel programs.","Researchers should contact Archives and Special Collections to request collections, as many are stored offsite.",,,,,,,,,,,,,,,,,,,,,,,,,,,,,,,,,,,,,,,,,,,,,,,,,,,,,,,,,,
605,ark:/13030/c8qn6d8d/,English,"University of California, Davis Library, University Archives","University of California, Davis General Catalogs","University of California, Davis. Registrar",AR-090,3 linear feet,1958-2010,,Course catalogs and general information for undergraduate and graduate programs at UC Davis.,"Researchers should contact Archives and Special Collections to request collections, as many are stored offsite.",,,,,,,,,,,,,,,,,,,,,,,,,,,,,,,,,,,,,,,,,,,,,,,,,,,,,,,,,,
606,ark:/13030/c8qn6dzc/,English,"University of California, Davis Library, University Archives",Library Access Services Records,"University of California, Davis. Library",AR-202,5 linear feet,1987-2004,,"Meeting minutes, Library Suggestion Box replies, and a small amount of correspondence.","Researchers should contact Archives and Special Collections to request collections, as many are stored offsite.",,,,,,,,,,,,,,,,,,,,,,,,,,,,,,,,,,,,,,,,,,,,,,,,,,,,,,,,,,
610,ark:/13030/c8qv3tcn/,English,"University of California, Davis Library, University Archives",Whole Earth Festival Collection,"University of California, Davis. Library",AR-118,3 linear feet,1972-1999,,"Posters, videos, films, sound recordings, and slides related to UC Davis&#39;s Whole Earth Festival.","Researchers should contact Special Collections to request collections, as many are stored offsite.",,,,,,,,,,,,,,,,,,,,,,,,,,,,,,,,,,,,,,,,,,,,,,,,,,,,,,,,,,
612,ark:/13030/c8qz2d7j/,English,,Richard E. Kepner Papers,,D-500,,,,Reprints of articles on organic chemistry.,,1941-1969,"Kepner, Richard E.,1916-2001.",1 linear foot,,,,,,,,,,,,,,,,,,,,,,,,,,,,,,,,,,,,,,,,,,,,,,,,,,,,,,,
614,ark:/13030/c8qz2j4v/,English,"University of California, Davis Library, University Archives",Office of the University Librarian Records,"University of California, Davis. Library",AR-039,5 linear feet,1923-1984,,"Budgets, reports, correspondence, and information related to library buildings and maintenance.","Researchers should contact Archives and Special Collections to request collections, as many are stored offsite.",,,,,,,,,,,,,,,,,,,,,,,,,,,,,,,,,,,,,,,,,,,,,,,,,,,,,,,,,,
625,ark:/13030/c8rb7bpj/,English,"University of California, Davis Library, Dept. of Special Collections",Pioneering Punjabis Digital Archive,"Ranganath, Nicole, Dr.",D-643,1319 digital objects,1900-2019,,"The Pioneering Punjabi Digital Archive is the most extensive collection of archival material documenting the first significant South Asian community in the United States. The collection includes over 1,300 photographs, rare archival films, letters, newspaper articles, songs, and audio interviews of South Asians who arrived in California from the Punjab region of north India beginning in the 1890s.",,,,,,,,,,,,,,,,,,,,,,,,,,,,,,,,,,,,,,,,,,,,,,,,,,,,,,,,,,,
626,ark:/13030/c8rb7brf/,English,"University of California, Davis Library, University Archives",Office of the Vice-Chancellor of Business and Finance Records,"University of California, Davis. Office of the Vice-Chancellor--Business and Finance",AR-007,2 linear feet,1906-1990,,"Materials related to UC Davis land acquisitions, water and mineral rights, right-of-way, and campus buildings.","Researchers should contact Archives and Special Collections to request collections, as many are stored offsite.",,,,,,,,,,,,,,,,,,,,,,,,,,,,,,,,,,,,,,,,,,,,,,,,,,,,,,,,,,
633,ark:/13030/c8rr214w/,English,"University of California, Davis Library, Dept. of Special Collections",Sunshine Farm Dairy Records,,D-385;419,6 linear feet,1945-1999,,"The Sunshine Farm Dairy was operated by the Greenough family in Merced, California. The collection contains the records of a working dairy including individual cow records, business and financial records.","Researchers should contact Special Collections to request collections, as many are stored offsite.",,,,,,,,,,,,,,,,,,,,,,,,,,,,,,,,,,,,,,,,,,,,,,,,,,,,,,,,,,
635,ark:/13030/c8rr25cp/,English,"University of California, Davis Library, University Archives",UC Davis Buttons Collection,"University of California, Davis. Library",AR-119,1.6 linear feet,1985-2002,,Commemorative pin-back buttons from various UC Davis events.,"Researchers should contact Archives and Special Collections to request collections, as many are stored offsite.",,,,,,,,,,,,,,,,,,,,,,,,,,,,,,,,,,,,,,,,,,,,,,,,,,,,,,,,,,
636,ark:/13030/c8rr25fk/,English,"University of California, Davis Library, University Archives",Department of Chemistry Records,"University of California, Davis. Department of Chemistry",AR-134,0.4 linear feet,1992-2009,,Correspondence and committee information from the Department of Chemistry.,"Researchers should contact Archives and Special Collections to request collections, as many are stored offsite.",,,,,,,,,,,,,,,,,,,,,,,,,,,,,,,,,,,,,,,,,,,,,,,,,,,,,,,,,,
640,ark:/13030/c8rx9hwx/,English,"University of California, Davis. Library, Dept. of Special Collections",Loren W. Neubauer Papers,"Neubauer, L. W. (Loren Wenzel), 1904-",D-109;230,2.8 linear feet,1925-1982,,,"Researchers should contact Special Collections to request collections, as many are stored offsite.",,,,,,,,,,,,,,,,,,,,,,,,,,,,,,,,,,,,,,,,,,,,,,,,,,,,,,,,,,
661,ark:/13030/c8sn0ghq/,English,"University of California, Davis Library, University Archives",Mondavi Performing Arts Center Records,Mondavi Center,AR-164,6 linear feet,1995-2003,,"Collection contains records, photos, brochures, programs, video recordings, and memorabilia related to the design, construction, and programming of the Mondavi Center for the Performing Arts.","Researchers should contact Archives and Special Collections to request collections, as many are stored offsite.",,,,,,,,,,,,,,,,,,,,,,,,,,,,,,,,,,,,,,,,,,,,,,,,,,,,,,,,,,
665,ark:/13030/c8sq95vk/,English,"University of California, Davis Library, University Archives",Student Directories,"University of California, Davis. Registrar",AR-086,1.4 linear feet,1941-2008,,UC Davis student telephone directories.,"Researchers should contact Archives and Special Collections to request collections, as many are stored offsite.",,,,,,,,,,,,,,,,,,,,,,,,,,,,,,,,,,,,,,,,,,,,,,,,,,,,,,,,,,
667,ark:/13030/c8st7s3f/,English,,Michael and Margaret B. Harrison Western Research Center Accompanying Material Collection,,D-531,,,,"Michael Harrison tucked photographs, newspaper clippings, correspondence, publishers‚Äô advertisements, and other interesting items into the books that he called his &#34;fallout system,&#34; (because items were likely to fall out when one picked up a book). This ephemeral material provides insights about a particular book. These material are now called Accompanying Materials.",,1922-2000,"Harrison, Michael, 1897-2005.",32 linear feet,,,,,,,,,,,,,,,,,,,,,,,,,,,,,,,,,,,,,,,,,,,,,,,,,,,,,,,
674,ark:/13030/c8t43vtk/,English,"University of California, Davis Library, Dept. of Special Collections",Index Seminum Collection,"University of California, Davis. Arboretum",D-025;438,24 linear feet,1965-2015,,"Seed lists from foreign and American arboreta and botanical gardens for studying the development, popularity, and history of horticultural varieties.","Researchers should contact Archives and Special Collections to request collections, as many are stored offsite.",,,,,,,,,,,,,,,,,,,,,,,,,,,,,,,,,,,,,,,,,,,,,,,,,,,,,,,,,,
682,ark:/13030/c8tb18m5/,English,"University of California, Davis Library, Dept. of Special Collections",Glenn M. Loney Papers,"Loney, Glenn Meredith (1928-)",D-006;427,142 linear feet,1800-2017,,"Clippings, correspondence, manuscripts, music ephemera, personal files, photographs, movie stills, playbills, promotional materials, published materials, and scripts. Highlights of this collection are nineteenth and twentieth century programs, items relating music and drama festivals in Europe, and promotional materials pertaining to alternative theatre, especially in New York City.","Researchers should contact Archives and Special Collections to request collections, as many are stored offsite.",,,,,,,,,,,,,,,,,,,,,,,,,,,,,,,,,,,,,,,,,,,,,,,,,,,,,,,,,,
685,ark:/13030/c8tb1f05/,English,"University of California, Davis Library, Dept. of Special Collections",Jordan Fisher Smith Papers on Environmental Writing,"Smith, Jordan Fisher",D-650,12 linear feet,1927-2013,1970-2013,"Correspondence, notebooks, drafts, clippings and one scrapbook documenting Jordan Fisher Smith&#39;s career as a writer and his work with the US Forest Service, the National Park Service, and the California State Parks.","Researchers should contact Archives and Special Collections to request collections, as many are stored offsite.",,,,,,,,,,,,,,,,,,,,,,,,,,,,,,,,,,,,,,,,,,,,,,,,,,,,,,,,,,
689,ark:/13030/c8th8pxj/,English,"University of California, Davis Library, Dept. of Special Collections",Sarah V. Hutchison Papers,"Hutchison, Sarah V.",D-240;315,12 linear feet,1950-1984,,"Meeting minutes, research notes, interviews, journal and newspaper articles, and speeches relating to establishment, development, and eventual approval of D-Q University and the UC Davis Native American Studies program.","Researchers should contact Archives and Special Collections to request collections, as many are stored offsite.",,,,,,,,,,,,,,,,,,,,,,,,,,,,,,,,,,,,,,,,,,,,,,,,,,,,,,,,,,
692,ark:/13030/c8tq64ws/,English,"University of California, Davis General Library, Dept. of Special Collections",Gunter Zweig Papers,"Zweig, Gunter",D-471;705,26 linear feet,1935-1997,,"Correspondence, subject files, articles about pesticides, course materials, and files on conferences and organizations.","Researchers should contact Archives and Special Collections to request collections, as many are stored offsite.",,,,,,,,,,,,,,,,,,,,,,,,,,,,,,,,,,,,,,,,,,,,,,,,,,,,,,,,,,
699,ark:/13030/c8v410x4/,English,"University of California, Davis Library, University Archives",Library Photographs and Ephemera Collection,"University of California, Davis. Library",AR-157;384,1.8 linear feet,1978-2016,,Historical photographs and ephemera from various branches and departments of the University Library.,"Researchers should contact Archives and Special Collections to request collections, as many are stored offsite.",,,,,,,,,,,,,,,,,,,,,,,,,,,,,,,,,,,,,,,,,,,,,,,,,,,,,,,,,,
707,ark:/13030/c8v98g7b/,English,"University of California, Davis Library, University Archives",College of Engineering Records,"University of California, Davis. College of Engineering",AR-214;411,1 linear foot,circa 1970-2014,,"Includes photographs and digital images from the Department of Applied Science, College of Engineering brochures and flyers, and one DVD of the 2014 College of Engineering commencement ceremony.","Researchers should contact Archives and Special Collections to request collections, as many are stored offsite.",,,,,,,,,,,,,,,,,,,,,,,,,,,,,,,,,,,,,,,,,,,,,,,,,,,,,,,,,,
709,ark:/13030/c8vd754x/,English,"University of California, Davis Library, Dept. of Special Collections",Joseph S. Rychetnik Photographs of California Viticulture and Agriculture,"Rychetnik, Joe",D-640,6 x 6 centimeter transparency,1972-1986,,"The Joseph S. Rychetnik photographs contain approximately 1200 color 35 millimeter slides and 13 medium format transparencies of vineyards, wineries, agriculture, and food in California taken by writer and photographer Joe Rychetnik.","Researchers should contact Special Collections to request collections, as many are stored offsite.",,,,,,,,,,,,,,,,,,,,,,,,,,,,,,,,,,,,,,,,,,,,,,,,,,,,,,,,,,
710,ark:/13030/c8vd75m6/,English,"University of California, Davis Library, University Archives",Library Acquisitions Department Records,"University of California, Davis. Library",AR-170,3 linear feet,1923-1977,,"Correspondence, lists, and records of library gifts and exchanges.","Researchers should contact Archives and Special Collections to request collections, as many are stored offsite.",,,,,,,,,,,,,,,,,,,,,,,,,,,,,,,,,,,,,,,,,,,,,,,,,,,,,,,,,,
715,ark:/13030/c8vq38tq/,English,"University of California, Davis Library, University Archives",Office of the Registrar Records,"University of California, Davis. Registrar",AR-038,4.4 linear feet,1942-1992,,"Summaries of students by quarter, schedules, notices, information on majors and degrees offered, and one scrapbook.","Researchers should contact Archives and Special Collections to request collections, as many are stored offsite.",,,,,,,,,,,,,,,,,,,,,,,,,,,,,,,,,,,,,,,,,,,,,,,,,,,,,,,,,,
721,ark:/13030/c8vt1zk4/,English,"University of California, Davis Library, University Archives","University of California, Davis, Department of Entomology Records","University of California, Davis. Department of Entomology",AR-029,6.8 linear feet,1941-2019,,"Files related to the department&#39;s Mosquito Research Program, microfiche of faculty research, slides of Briggs Hall, and audiovisual materials on bees.","Researchers should contact Archives and Special Collections to request collections, as many are stored offsite.",,,,,,,,,,,,,,,,,,,,,,,,,,,,,,,,,,,,,,,,,,,,,,,,,,,,,,,,,,
723,ark:/13030/c8vt209b/,English,"University of California, Davis Library, University Archives",Physical Sciences Library Records,"University of California, Davis. Library",AR-216,4 linear feet,1974-1977,,"Minutes, reports, cost studies, budgets, workshop materials, and library reference guides related to the Physical Sciences and Engineering Library (PSEL).","Researchers should contact Archives and Special Collections to request collections, as many are stored offsite.",,,,undated,,,,,,,,,,,,,,,,,,,,,,,,,,,,,,,,,,,,,,,,,,,,,,,,,,,,,,
727,ark:/13030/c8w09cdx/,English,"University of California, Davis Library, University Archives","University of California, Davis Library Conservation and Preservation Department Records",Margaret B. Harrison Preservation Department,AR-016,8.4 linear feet,1940-1988,,"Office files and reference materials relating to the responsibilities of the department including disaster preparedness, preservation microfilming, and book repair.","Researchers should contact Archives and Special Collections to request collections, as many are stored offsite.",,,,,,,,,,,,,,,,,,,,,,,,,,,,,,,,,,,,,,,,,,,,,,,,,,,,,,,,,,
729,ark:/13030/c8w09d39/,English,"University of California, Davis Library, University Archives",Office of the Provost Records,"University of California, Davis. Office of the Provost and Executive Vice Chancellor",AR-005,2 linear feet,1954-1988,,"Accreditation reports, program reviews, academic planning documents, and materials related to instructional unit name changes.","Researchers should contact Archives and Special Collections to request collections, as many are stored offsite.",,,,,,,,,,,,,,,,,,,,,,,,,,,,,,,,,,,,,,,,,,,,,,,,,,,,,,,,,,
733,ark:/13030/c8w95gmf/,English,"University of California, Davis Library, University Archives",Department of Medical Illustration Photographs of UC Davis,"University of California, Davis. Department of Medical Illustration",AR-224,9.6 linear feet,1948-2016,,"The collection includes Department of Medical Illustration slides, negatives, prints, and contact sheets for and of various UC Davis departments, especially the UC Davis Health facilities, programs, and events.","Researchers should contact Special Collections to request collections, as many are stored offsite.",,,,,,,,,,,,,,,,,,,,,,,,,,,,,,,,,,,,,,,,,,,,,,,,,,,,,,,,,,
736,ark:/13030/c8wd43z1/,English,"University of California, Davis Library, Dept. of Special Collections",John M. Tucker Papers,"Tucker, John M.",D-489;716,15 linear feet,1934-2008,,"Correspondence, research materials, syllabi, and reprints relating to John M. Tucker&#39;s career as Professor of Botany.","Researchers should contact Archives and Special Collections to request collections, as many are stored offsite.",,,,,,,,,,,,,,,,,,,,,,,,,,,,,,,,,,,,,,,,,,,,,,,,,,,,,,,,,,
738,ark:/13030/c8wd46s1/,English,"University of California, Davis Library, University Archives",Department of English Records,"University of California, Davis. Department of English",AR-076,1 linear foot,,,"Small set of files on faculty members Robert Wiggins, Celeste Turner Wright, and Karl Shapiro. Includes a poster for the Snyder/Soderquist Distinguished Visiting Writers lecture series.","Researchers should contact Archives and Special Collections to request collections, as many are stored offsite.",,,,"2003, undated",,,,,,,,,,,,,,,,,,,,,,,,,,,,,,,,,,,,,,,,,,,,,,,,,,,,,,
741,ark:/13030/c8wh2x4g/,English,"University of California, Davis Library, University Archives",UC Davis Memorabilia Collection,"University of California, Davis. Library",AR-117,9.6 linear feet,1941-2008,,Items related to UC Davis staff and student life and commemorating UC Davis events.,"Researchers should contact Archives and Special Collections to request collections, as many are stored offsite.",,,,,,,,,,,,,,,,,,,,,,,,,,,,,,,,,,,,,,,,,,,,,,,,,,,,,,,,,,
745,ark:/13030/c8wq099k/,English,"University of California, Davis Library, University Archives","University of California, Davis. Office of Environmental Stewardship and Sustainability Records","University of California, Davis. Environmental Stewardship and Sustainability",AR-148,0.5 linear feet,2012-2014,,"Materials related to the 2012 California Higher Education Sustainability Conference held at UC Davis, sustainablity awards received by the campus as well as plans and brochures created by the office.","Researchers should contact Archives and Special Collections to request collections, as many are stored offsite.",,,,,,,,,,,,,,,,,,,,,,,,,,,,,,,,,,,,,,,,,,,,,,,,,,,,,,,,,,
750,ark:/13030/c8ww7q2s/,English,"University of California, Davis Library, University Archives",Academic Technology Services Photographs and Video Recordings,"University of California, Davis. Academic Technology Services",AR-198,22 linear feet,1969-2008,,"Academic Technology Services (ATS) is a unit of Information and Educational Technology. The collection includes negatives, contact sheets, color slides, and prints created in the course of UC Davis activities by Illustration Services, which is now incorporated into Academic Technology Services. The collection also includes a small number of video recordings created by Academic Technology Services.","Researchers should contact Archives and Special Collections to request collections, as many are stored offsite.",,,,,,,,,,,,,,,,,,,,,,,,,,,,,,,,,,,,,,,,,,,,,,,,,,,,,,,,,,
755,ark:/13030/c8x06cpp/,English,"University of California, Davis General Library, Dept. of Special Collections",James L. Sochor Collection,"University of California, Davis. Library. Dept. of Special Collections",MC278,0.1 linear feet,2016,,,"Researchers should contact Special Collections to request collections, as many are stored offsite.",,,,,,,,,,,,,,,,,,,,,,,,,,,,,,,,,,,,,,,,,,,,,,,,,,,,,,,,,,
758,ark:/13030/c8x353x5/,English,"University of California, Davis General Library, University Archives",Campus Photographs from Alumni,"University of California, Davis. Library. Department of Special Collections",AR-177,4 photographic prints,,,Photographs of the Davis campus and Davis alumni events donated by UC Davis alumni.,"Researchers should contact Special Collections to request collections, as many are stored offsite.",,,,1960,,,,,,,,,,,,,,,,,,,,,,,,,,,,,,,,,,,,,,,,,,,,,,,,,,,,,,
759,ark:/13030/c8x353zm/,English,"University of California, Davis Library, University Archives","University of California, Davis Chicana/Latina Research Center Records",Chicana/Latina Research Center,AR-128,22 linear feet,1975-2011,,"Submissions for Voces: a journal of Chicana/Latina studies, materials related to Mujeres Activas en Letras y Cambio Social (MALCS) conferences and institutes.","Researchers should contact Archives and Special Collections to request collections, as many are stored offsite.",,,,,,,,,,,,,,,,,,,,,,,,,,,,,,,,,,,,,,,,,,,,,,,,,,,,,,,,,,
771,ark:/13030/c8xd17zv/,English,"University of California, Davis Library, Dept. of Special Collections",Kevin P. Roddy Papers,"Roddy, Kevin P., 1943-",D-526;739,6.4 linear feet,circa 1970-2010,,Materials from Roddy&#39;s research related to computers and the humanities and the revival of medieval drama in Britain.,"Researchers should contact Archives and Special Collections to request collections, as many are stored offsite.",,,,,,,,,,,,,,,,,,,,,,,,,,,,,,,,,,,,,,,,,,,,,,,,,,,,,,,,,,
785,ark:/13030/c8xw4r65/,English,"University of California, Davis Library, University Archives",Campus Planning and Environmental Stewardship Records,"University of California, Davis. Campus Planning and Environmental Stewardship",AR-196,3 linear feet,1950s-2000s,,The collection includes glass plate and print aerial photographs of campus and Yolo County as well as large format aerial and blueprint documents.,"Researchers should contact Special Collections to request collections, as many are stored offsite.",,,,,,,,,,,,,,,,,,,,,,,,,,,,,,,,,,,,,,,,,,,,,,,,,,,,,,,,,,
794,ark:/13030/c8z60vjs/,English,"University of California, Davis Library, University Archives","University of California, Davis Commencement Collection","University of California, Davis",AR-098,5 linear feet,1911-1982,,"Commencement programs, invitations, cue books, and ephemera.","Researchers should contact Archives and Special Collections to request collections, as many are stored offsite.",,,,,,,,,,,,,,,,,,,,,,,,,,,,,,,,,,,,,,,,,,,,,,,,,,,,,,,,,,
797,ark:/13030/c8z89jx3/,English,"University of California, Davis Library, University Archives","University of California, Davis Accreditation Reports","University of California, Davis",AR-115,0.4 linear feet,1956-1991,,Accreditation reports for selected programs and for the campus as a whole.,"Researchers should contact Archives and Special Collections to request collections, as many are stored offsite.",,,,,,,,,,,,,,,,,,,,,,,,,,,,,,,,,,,,,,,,,,,,,,,,,,,,,,,,,,
806,ark:/13030/c8zp4ddz/,English,"University of California, Davis Library, Dept. of Special Collections",Earn Hong Photograph Albums,"Hong, Earn",D-703,0.4 linear feet,1919-1922,,Photographic record of Korean American activist Earn Hong&#39;s travels in the United States and Peru between 1919 and 1922.,"Researchers should contact Archives and Special Collections to request collections, as many are stored offsite.",,,,,,,,,,,,,,,,,,,,,,,,,,,,,,,,,,,,,,,,,,,,,,,,,,,,,,,,,,
811,ark:/13030/c8zw1sfw/,English,"University of California, Davis Library, University Archives","University of California, Davis Arboretum Records","University of California, Davis. Arboretum",AR-159,13.8 linear feet,1935-2005,,"Plant files, accession records, operational records, and campus landscape history.","Researchers should contact Archives and Special Collections to request collections, as many are stored offsite.",,,,,,,,,,,,,,,,,,,,,,,,,,,,,,,,,,,,,,,,,,,,,,,,,,,,,,,,,,
911,ark:/13030/kt5h4nf5dx/,Collection materials in English.,"University of California, Davis Library, University Archives",University Archives Photographs,"Cockrell, Sue",AR-013,1 print,1907-1987,,"The University Archives Photographs offer a visual record of the history of the University of California, Davis. The collection contains photographic prints and negatives, and depicts buildings and grounds, faculty and staff, annual events such as Picnic Day, campus events, classes and classrooms, student clubs and activities, departments, and sporting events.","Researchers should contact Archives and Special Collections to request collections, as many are stored offsite.",,,,,,,,,,,,,,,,,,,,,,,,,,,,,,,,,,,,,,,,,,,,,,,,,,,,,,,,,,
986,ark:/13030/tf309nb0bw/,,,THE AFRICAN AMERICAN HISTORY COLLECTION,,D-207,,null,,,,,,7 linear feet in 7 archive boxes,,,,,,,English.,,,,null,"For current information on the location of these materials, please consult the Special Collections Department.",,,,,,,,,,,,,,,,,,,,,,,,,,,,,,,,,,,,,,,,,,,
